Customer_Name,Recency,Frequency,Monetary,Churned,Churn_Probability,Churn_Risk
Ahmed Ali,383,1,509.12,1,0.9986,High
Ahmed Anderson,493,1,133.68,1,0.9994,High
Ahmed Clark,635,2,94.28,1,0.9994,High
Ahmed Dubois,22,3,105.73,0,0.0088,Low
Ahmed Garcia,922,2,1769.48,1,0.9986,High
Ahmed Harris,1029,1,598.14,1,0.9986,High
Ahmed Hassan,263,1,162.03,1,0.9994,High
Ahmed Jackson,274,2,247.54,1,0.9994,High
Ahmed Johansson,132,2,1670.1000000000001,1,0.9986,High
Ahmed Johnson,382,1,27.5,1,0.9994,High
Ahmed Miller,989,1,1196.43,1,0.9986,High
Ahmed Pereira,790,1,66.12,1,0.9994,High
Ahmed Rodriguez,76,1,387.86,1,0.9995,High
Ahmed Russo,107,1,179.32,1,0.9994,High
Ahmed Santos,619,1,111.55,1,0.9994,High
Ahmed Sharma,378,2,150.87,1,0.9994,High
Ahmed Singh,564,3,1583.7,1,0.9986,High
Ahmed Smith,308,1,11.15,1,0.9994,High
Ahmed Tanaka,409,1,7.03,1,0.9994,High
Ahmed Taylor,786,2,432.71000000000004,1,0.9986,High
Ahmed Thomas,382,1,659.08,1,0.9986,High
Ahmed Thompson,908,1,240.97,1,0.9994,High
Ahmed Weber,207,1,29.16,1,0.9994,High
Ahmed Zhang,286,1,199.3,1,0.9994,High
Ali Dubois,614,1,12.87,1,0.9994,High
Ali Harris,159,2,1920.8899999999999,1,0.9986,High
Ali Hassan,416,1,106.82,1,0.9994,High
Ali Jackson,9,1,85.33,0,0.0088,Low
Ali Johansson,836,2,577.5,1,0.9986,High
Ali Johnson,839,1,603.09,1,0.9986,High
Ali Jones,523,2,281.8,1,0.9994,High
Ali Kim,125,1,115.14,1,0.9994,High
Ali Leroy,345,1,32.2,1,0.9994,High
Ali Li,797,1,154.26,1,0.9994,High
Ali Miller,113,3,825.42,1,0.9986,High
Ali Müller,265,1,122.8,1,0.9994,High
Ali Oliveira,533,1,103.77,1,0.9994,High
Ali Patel,483,1,239.2,1,0.9994,High
Ali Rodriguez,1089,1,55.83,1,0.9994,High
Ali Romano,771,1,16.66,1,0.9994,High
Ali Sato,559,1,139.56,1,0.9994,High
Ali Taylor,287,1,232.53,1,0.9994,High
Ali Thomas,621,1,42.36,1,0.9994,High
Ali Wang,113,2,746.33,1,0.9986,High
Ali Weber,736,1,273.55,1,0.9994,High
Ali Yamamoto,63,2,260.69,1,0.9975,High
Amina Ali,869,1,21.34,1,0.9994,High
Amina Anderson,192,1,11.03,1,0.9994,High
Amina Clark,539,2,146.91,1,0.9994,High
Amina Harris,431,2,88.92,1,0.9994,High
Amina Johansson,848,2,66.96000000000001,1,0.9994,High
Amina Jones,756,1,132.12,1,0.9994,High
Amina Khan,264,1,39.65,1,0.9994,High
Amina Nilsson,115,1,142.31,1,0.9994,High
Amina Romano,534,1,20.12,1,0.9994,High
Amina Russo,585,1,224.54,1,0.9994,High
Amina Sharma,131,1,10.91,1,0.9994,High
Amina Singh,253,1,466.65,1,0.9986,High
Amina Smith,17,1,69.66,0,0.0088,Low
Amina Tanaka,213,1,20.23,1,0.9994,High
Amina Taylor,196,3,338.36,1,0.9998,High
Amina Thomas,498,1,108.66,1,0.9994,High
Amina Wang,490,1,103.74,1,0.9994,High
Amir Ali,262,2,219.52,1,0.9994,High
Amir Anderson,460,1,120.95,1,0.9994,High
Amir Brown,126,1,1319.0,1,0.9986,High
Amir Chen,935,1,585.15,1,0.9986,High
Amir Dubois,103,1,7.95,1,0.9994,High
Amir Ferrari,100,1,71.74,1,0.9994,High
Amir Garcia,702,2,1469.12,1,0.9986,High
Amir Hassan,570,2,293.97,1,0.9994,High
Amir Johansson,406,1,35.42,1,0.9994,High
Amir Khan,650,2,1142.43,1,0.9986,High
Amir Laurent,760,1,917.09,1,0.9986,High
Amir Li,606,1,754.02,1,0.9986,High
Amir Moreau,473,1,86.26,1,0.9994,High
Amir Oliveira,1078,1,1501.15,1,0.9986,High
Amir Park,809,1,31.5,1,0.9994,High
Amir Rodriguez,344,1,239.7,1,0.9994,High
Amir Singh,881,1,30.49,1,0.9994,High
Amir Smith,511,1,228.99,1,0.9994,High
Amir Tanaka,81,1,89.48,1,0.9994,High
Amir Taylor,312,1,138.89,1,0.9994,High
Amir Thompson,152,2,614.55,1,0.9986,High
Amir Wang,632,1,11.3,1,0.9994,High
Amir Williams,85,1,543.78,1,0.9986,High
Amir Yamamoto,178,2,170.36999999999998,1,0.9994,High
Ava Clark,196,3,306.87,1,0.9994,High
Ava Ferrari,1002,1,264.38,1,0.9994,High
Ava Fischer,128,3,1739.6200000000001,1,0.9986,High
Ava Garcia,755,1,109.76,1,0.9994,High
Ava Harris,599,1,148.04,1,0.9994,High
Ava Jones,1057,1,174.28,1,0.9994,High
Ava Laurent,20,1,73.52,0,0.0088,Low
Ava Li,751,1,17.47,1,0.9994,High
Ava Martinez,1065,1,24.65,1,0.9994,High
Ava Miller,430,1,244.2,1,0.9994,High
Ava Oliveira,216,1,162.05,1,0.9994,High
Ava Patel,558,1,64.87,1,0.9994,High
Ava Rodriguez,400,1,21.0,1,0.9994,High
Ava Rossi,87,2,278.23,1,0.9994,High
Ava Yamamoto,216,2,192.3,1,0.9994,High
Ayumi Ahmed,963,1,1438.39,1,0.9986,High
Ayumi Ali,824,1,79.98,1,0.9994,High
Ayumi Clark,306,1,479.86,1,0.9986,High
Ayumi Dubois,0,1,619.37,0,0.005,Low
Ayumi Ferrari,1090,1,61.04,1,0.9994,High
Ayumi Garcia,799,2,160.88,1,0.9994,High
Ayumi Harris,239,2,489.01,1,0.9986,High
Ayumi Johnson,1008,1,385.36,1,0.9995,High
Ayumi Khan,364,2,725.33,1,0.9986,High
Ayumi Kumar,755,1,54.37,1,0.9994,High
Ayumi Laurent,417,1,577.02,1,0.9986,High
Ayumi Martin,855,1,28.39,1,0.9994,High
Ayumi Martinez,715,2,1131.45,1,0.9986,High
Ayumi Miller,636,1,37.26,1,0.9994,High
Ayumi Moreau,545,1,16.8,1,0.9994,High
Ayumi Nilsson,1049,1,48.95,1,0.9994,High
Ayumi Pereira,323,1,22.48,1,0.9994,High
Ayumi Robinson,406,2,426.26,1,0.9986,High
Ayumi Romano,184,1,87.36,1,0.9994,High
Ayumi Russo,3,1,41.13,0,0.0088,Low
Ayumi Singh,53,2,801.33,0,0.005,Low
Ayumi Smith,327,1,49.91,1,0.9994,High
Ayumi Suzuki,722,2,99.42999999999999,1,0.9994,High
Ayumi Tanaka,736,2,82.87,1,0.9994,High
Ayumi Taylor,379,1,251.52,1,0.9994,High
Ayumi Thomas,472,1,375.0,1,0.9995,High
Ayumi White,180,2,168.16000000000003,1,0.9994,High
Ayumi Zhang,218,1,810.88,1,0.9986,High
Barbara Ali,583,3,460.7,1,0.9986,High
Barbara Davis,715,3,552.83,1,0.9986,High
Barbara Dubois,561,1,192.38,1,0.9994,High
Barbara Fischer,221,1,25.88,1,0.9994,High
Barbara Hassan,872,1,513.13,1,0.9986,High
Barbara Johnson,382,1,22.8,1,0.9994,High
Barbara Jones,0,2,175.85,0,0.0088,Low
Barbara Khan,353,1,52.98,1,0.9994,High
Barbara Leroy,1022,1,109.88,1,0.9994,High
Barbara Miller,427,1,74.71,1,0.9994,High
Barbara Moreau,426,1,34.7,1,0.9994,High
Barbara Nilsson,619,1,314.72,1,0.9994,High
Barbara Robinson,155,1,291.9,1,0.9994,High
Barbara Rossi,946,1,35.7,1,0.9994,High
Barbara Russo,1011,1,69.03,1,0.9994,High
Barbara Sato,654,1,555.27,1,0.9986,High
Barbara Sharma,339,3,591.9300000000001,1,0.9986,High
Barbara Singh,339,1,557.76,1,0.9986,High
Barbara Suzuki,985,1,617.58,1,0.9986,High
Barbara Thomas,988,1,609.39,1,0.9986,High
Barbara Weber,229,2,145.51,1,0.9994,High
Barbara White,234,1,34.06,1,0.9994,High
Barbara Williams,12,1,147.96,0,0.0088,Low
Carlos Ahmed,723,1,47.57,1,0.9994,High
Carlos Ali,271,2,78.98,1,0.9994,High
Carlos Anderson,1008,1,183.12,1,0.9994,High
Carlos Davis,426,1,97.81,1,0.9994,High
Carlos Dubois,926,1,63.27,1,0.9994,High
Carlos Ferrari,208,2,1786.34,1,0.9986,High
Carlos Jackson,190,1,60.48,1,0.9994,High
Carlos Jones,281,1,47.2,1,0.9994,High
Carlos Martinez,664,1,55.14,1,0.9994,High
Carlos Patel,458,1,88.94,1,0.9994,High
Carlos Robinson,612,1,109.09,1,0.9994,High
Carlos Rodriguez,21,2,610.24,0,0.005,Low
Carlos Santos,821,1,112.12,1,0.9994,High
Carlos Schmidt,554,2,51.41,1,0.9994,High
Carlos Sharma,144,3,418.67,1,0.9992,High
Carlos Smith,1012,1,335.28,1,0.9998,High
Carlos Tanaka,171,1,2051.57,1,0.9986,High
Carlos Thomas,8,2,151.44,0,0.0088,Low
Carlos Thompson,560,1,203.59,1,0.9994,High
Carlos Wang,987,1,199.03,1,0.9994,High
Carlos Yamamoto,471,1,20.04,1,0.9994,High
Chen Ali,172,1,105.71,1,0.9994,High
Chen Anderson,511,1,196.42,1,0.9994,High
Chen Chen,99,1,260.89,1,0.9994,High
Chen Dubois,644,1,32.69,1,0.9994,High
Chen Garcia,685,2,74.96000000000001,1,0.9994,High
Chen Johansson,727,1,222.26,1,0.9994,High
Chen Johnson,891,1,120.72,1,0.9994,High
Chen Jones,909,1,776.28,1,0.9986,High
Chen Khan,184,1,16.16,1,0.9994,High
Chen Laurent,1070,1,159.19,1,0.9994,High
Chen Martin,189,2,100.24,1,0.9994,High
Chen Martinez,97,1,98.69,1,0.9994,High
Chen Miller,928,1,197.88,1,0.9994,High
Chen Nilsson,759,1,159.64,1,0.9994,High
Chen Patel,23,5,1470.07,0,0.005,Low
Chen Rodriguez,854,1,34.92,1,0.9994,High
Chen Romano,299,2,207.08,1,0.9994,High
Chen Rossi,211,2,22.15,1,0.9994,High
Chen Santos,247,2,256.72,1,0.9994,High
Chen Singh,1074,1,99.69,1,0.9994,High
Chen Smith,942,1,148.31,1,0.9994,High
Chen Tanaka,78,2,236.85,1,0.9994,High
Chen Taylor,7,1,71.31,0,0.0088,Low
Chen Thompson,701,2,270.46,1,0.9994,High
Christopher Ahmed,228,1,16.15,1,0.9994,High
Christopher Brown,509,2,180.93,1,0.9994,High
Christopher Chen,177,2,133.74,1,0.9994,High
Christopher Clark,331,1,56.36,1,0.9994,High
Christopher Davis,75,2,1016.5899999999999,1,0.9986,High
Christopher Fischer,425,1,16.58,1,0.9994,High
Christopher Harris,243,2,120.17999999999999,1,0.9994,High
Christopher Hassan,213,1,1202.53,1,0.9986,High
Christopher Jackson,354,1,121.72,1,0.9994,High
Christopher Johansson,1083,1,914.43,1,0.9986,High
Christopher Jones,239,1,489.74,1,0.9986,High
Christopher Khan,206,2,442.95000000000005,1,0.9986,High
Christopher Leroy,514,2,1094.01,1,0.9986,High
Christopher Martinez,340,1,173.45,1,0.9994,High
Christopher Miller,409,1,41.58,1,0.9994,High
Christopher Müller,481,1,187.47,1,0.9994,High
Christopher Park,169,2,286.33,1,0.9994,High
Christopher Robinson,934,1,245.08,1,0.9994,High
Christopher Rodriguez,106,1,371.64,1,0.9995,High
Christopher Romano,37,1,1197.9,0,0.005,Low
Christopher Rossi,879,1,85.18,1,0.9994,High
Christopher Schmidt,520,1,198.38,1,0.9994,High
Christopher Tanaka,247,1,114.37,1,0.9994,High
Christopher Taylor,965,1,121.2,1,0.9994,High
Christopher Thompson,813,1,235.92,1,0.9994,High
Christopher White,66,1,983.4,1,0.9986,High
Christopher Williams,862,1,286.17,1,0.9994,High
Clara Ali,376,1,71.08,1,0.9994,High
Clara Brown,160,1,19.73,1,0.9994,High
Clara Clark,871,1,52.81,1,0.9994,High
Clara Costa,310,1,36.29,1,0.9994,High
Clara Dubois,164,1,230.66,1,0.9994,High
Clara Fischer,44,1,22.8,0,0.0088,Low
Clara Garcia,271,2,112.22,1,0.9994,High
Clara Hassan,35,2,360.17,0,0.0098,Low
Clara Jackson,958,1,297.23,1,0.9994,High
Clara Johnson,663,1,26.25,1,0.9994,High
Clara Laurent,348,1,409.32,1,0.9992,High
Clara Leroy,524,1,156.1,1,0.9994,High
Clara Martin,171,1,192.45,1,0.9994,High
Clara Martinez,190,1,120.43,1,0.9994,High
Clara Miller,405,3,1362.28,1,0.9986,High
Clara Moreau,203,1,66.9,1,0.9994,High
Clara Müller,378,1,2538.5,1,0.9979,High
Clara Nilsson,901,1,16.48,1,0.9994,High
Clara Oliveira,987,1,291.24,1,0.9994,High
Clara Robinson,120,2,358.24,1,0.9995,High
Clara Rodriguez,704,1,141.77,1,0.9994,High
Clara Romano,585,2,222.13,1,0.9994,High
Clara Santos,950,1,45.14,1,0.9994,High
Clara Sato,700,1,56.28,1,0.9994,High
Clara Schmidt,481,1,68.85,1,0.9994,High
Clara Sharma,178,1,432.8,1,0.9986,High
Clara Singh,626,1,20.08,1,0.9994,High
Clara Smith,1081,1,37.16,1,0.9994,High
Clara Tanaka,544,2,90.89,1,0.9994,High
Clara Taylor,1093,1,105.16,1,0.9994,High
Clara Williams,893,1,101.04,1,0.9994,High
David Anderson,1069,1,424.26,1,0.9992,High
David Chen,253,1,18.14,1,0.9994,High
David Clark,850,1,603.9,1,0.9986,High
David Fischer,235,1,1399.84,1,0.9986,High
David Garcia,530,1,1616.1,1,0.9986,High
David Harris,1029,1,53.77,1,0.9994,High
David Johansson,269,1,626.39,1,0.9986,High
David Kumar,191,1,51.63,1,0.9994,High
David Laurent,586,1,38.74,1,0.9994,High
David Leroy,739,1,120.46,1,0.9994,High
David Nilsson,168,1,170.26,1,0.9994,High
David Park,264,1,329.91,1,0.9998,High
David Rodriguez,430,1,236.93,1,0.9994,High
David Rossi,362,1,624.38,1,0.9986,High
David Schmidt,426,1,507.0,1,0.9986,High
David Smith,232,3,151.6,1,0.9994,High
David Suzuki,481,1,257.67,1,0.9994,High
David Thompson,899,1,193.41,1,0.9994,High
David White,752,1,14.32,1,0.9994,High
David Williams,89,1,96.88,1,0.9994,High
Diego Anderson,748,1,31.05,1,0.9994,High
Diego Davis,896,1,49.18,1,0.9994,High
Diego Ferrari,97,1,59.15,1,0.9994,High
Diego Harris,843,1,77.47,1,0.9994,High
Diego Hassan,769,1,14.93,1,0.9994,High
Diego Jackson,963,1,225.25,1,0.9994,High
Diego Johansson,453,2,198.23,1,0.9994,High
Diego Jones,790,1,27.49,1,0.9994,High
Diego Kim,353,2,790.03,1,0.9986,High
Diego Li,207,1,50.04,1,0.9994,High
Diego Miller,115,2,587.9100000000001,1,0.9986,High
Diego Nilsson,727,1,11.89,1,0.9994,High
Diego Pereira,819,1,178.65,1,0.9994,High
Diego Robinson,786,1,433.33,1,0.9986,High
Diego Rossi,270,1,76.01,1,0.9994,High
Diego Russo,164,1,865.13,1,0.9986,High
Diego Schmidt,579,2,496.22,1,0.9986,High
Diego Sharma,113,1,61.82,1,0.9994,High
Diego Suzuki,59,2,751.29,0,0.0122,Low
Diego Thomas,490,2,433.86,1,0.9986,High
Diego Weber,265,1,514.8,1,0.9986,High
Diego Williams,43,1,292.5,0,0.0088,Low
Elizabeth Ahmed,1029,1,336.94,1,0.9998,High
Elizabeth Chen,475,1,198.36,1,0.9994,High
Elizabeth Dubois,753,1,198.4,1,0.9994,High
Elizabeth Fischer,10,2,245.22,0,0.0088,Low
Elizabeth Garcia,78,1,17.49,1,0.9994,High
Elizabeth Harris,742,2,411.78999999999996,1,0.9992,High
Elizabeth Johansson,795,1,689.29,1,0.9986,High
Elizabeth Johnson,187,2,783.03,1,0.9986,High
Elizabeth Leroy,386,1,1608.71,1,0.9986,High
Elizabeth Martin,837,1,109.35,1,0.9994,High
Elizabeth Miller,122,1,504.5,1,0.9986,High
Elizabeth Moreau,1035,1,402.64,1,0.9992,High
Elizabeth Müller,1,1,969.81,0,0.005,Low
Elizabeth Park,181,1,127.22,1,0.9994,High
Elizabeth Patel,433,1,38.24,1,0.9994,High
Elizabeth Santos,170,1,28.3,1,0.9994,High
Elizabeth Sato,888,1,303.6,1,0.9994,High
Elizabeth Schmidt,67,2,1303.05,1,0.9986,High
Elizabeth Sharma,663,1,115.4,1,0.9994,High
Elizabeth Singh,505,2,86.0,1,0.9994,High
Elizabeth Taylor,176,2,185.6,1,0.9994,High
Elizabeth Wang,419,1,232.74,1,0.9994,High
Elizabeth Weber,754,1,425.44,1,0.9992,High
Elizabeth Williams,130,3,499.93999999999994,1,0.9986,High
Elizabeth Zhang,100,1,110.16,1,0.9994,High
Emma Anderson,280,1,120.94,1,0.9994,High
Emma Brown,1007,1,81.35,1,0.9994,High
Emma Chen,267,1,39.08,1,0.9994,High
Emma Clark,327,1,35.8,1,0.9994,High
Emma Dubois,303,2,251.33,1,0.9994,High
Emma Jackson,782,1,177.94,1,0.9994,High
Emma Johansson,958,1,24.6,1,0.9994,High
Emma Johnson,91,3,533.21,1,0.9986,High
Emma Jones,195,1,683.82,1,0.9986,High
Emma Kim,181,2,190.07,1,0.9994,High
Emma Laurent,30,1,14.55,0,0.0088,Low
Emma Martin,225,1,1158.57,1,0.9986,High
Emma Martinez,824,1,124.47,1,0.9994,High
Emma Miller,62,1,306.95,1,0.9975,High
Emma Moreau,661,1,369.25,1,0.9995,High
Emma Müller,349,2,455.73,1,0.9986,High
Emma Nilsson,583,1,136.65,1,0.9994,High
Emma Oliveira,1055,1,137.97,1,0.9994,High
Emma Pereira,922,2,496.75,1,0.9986,High
Emma Romano,269,1,219.67,1,0.9994,High
Emma Sato,147,1,25.92,1,0.9994,High
Emma Sharma,168,2,350.83,1,0.9995,High
Emma Suzuki,34,2,70.33000000000001,0,0.0088,Low
Emma Tanaka,570,1,67.22,1,0.9994,High
Emma Thompson,44,1,35.85,0,0.0088,Low
Emma Wang,125,2,321.67999999999995,1,0.9998,High
Emma Weber,581,1,55.26,1,0.9994,High
Emma Zhang,939,1,29.91,1,0.9994,High
Ethan Chen,94,2,140.31,1,0.9994,High
Ethan Clark,809,1,19.51,1,0.9994,High
Ethan Hassan,1040,1,60.25,1,0.9994,High
Ethan Johnson,383,2,364.29999999999995,1,0.9995,High
Ethan Jones,206,1,99.48,1,0.9994,High
Ethan Khan,767,1,217.19,1,0.9994,High
Ethan Kim,868,1,50.75,1,0.9994,High
Ethan Kumar,595,1,219.71,1,0.9994,High
Ethan Li,312,2,261.18,1,0.9994,High
Ethan Moreau,397,1,52.9,1,0.9994,High
Ethan Park,934,1,1682.35,1,0.9986,High
Ethan Rodriguez,859,1,133.27,1,0.9994,High
Ethan Santos,164,1,28.85,1,0.9994,High
Ethan Sato,420,1,1645.59,1,0.9986,High
Ethan Thomas,170,1,138.21,1,0.9994,High
Ethan Wang,143,2,490.67,1,0.9986,High
Ethan Williams,484,1,224.52,1,0.9994,High
Ethan Yamamoto,849,1,6.44,1,0.9994,High
Fatima Brown,790,1,120.63,1,0.9994,High
Fatima Costa,896,1,146.0,1,0.9994,High
Fatima Davis,232,1,56.7,1,0.9994,High
Fatima Ferrari,760,1,352.3,1,0.9995,High
Fatima Fischer,43,2,600.76,0,0.005,Low
Fatima Jackson,924,1,123.73,1,0.9994,High
Fatima Johnson,120,1,286.32,1,0.9994,High
Fatima Jones,698,1,88.43,1,0.9994,High
Fatima Kim,796,1,11.38,1,0.9994,High
Fatima Kumar,1028,1,90.68,1,0.9994,High
Fatima Laurent,962,1,52.98,1,0.9994,High
Fatima Li,95,2,1798.6299999999999,1,0.9986,High
Fatima Martin,823,1,236.04,1,0.9994,High
Fatima Müller,275,1,66.13,1,0.9994,High
Fatima Patel,774,2,85.82,1,0.9994,High
Fatima Robinson,548,1,51.14,1,0.9994,High
Fatima Rossi,1035,1,24.66,1,0.9994,High
Fatima Singh,426,3,1896.67,1,0.9986,High
Fatima Smith,56,3,611.5,0,0.0122,Low
Fatima Suzuki,1042,2,238.71,1,0.9994,High
Fatima Wang,842,1,27.0,1,0.9994,High
Fatima Weber,97,1,56.81,1,0.9994,High
Fatima Williams,431,4,629.87,1,0.9986,High
Fatima Yamamoto,237,2,205.45,1,0.9994,High
Fatima Zhang,94,2,125.88,1,0.9994,High
Felix Ahmed,544,1,105.62,1,0.9994,High
Felix Costa,884,1,308.8,1,0.9994,High
Felix Davis,741,1,98.38,1,0.9994,High
Felix Fischer,72,1,15.05,1,0.9994,High
Felix Hassan,931,1,5.68,1,0.9994,High
Felix Johansson,1046,1,18.57,1,0.9994,High
Felix Kim,818,1,467.28,1,0.9986,High
Felix Laurent,759,2,70.03,1,0.9994,High
Felix Leroy,140,1,53.69,1,0.9994,High
Felix Miller,985,1,54.74,1,0.9994,High
Felix Moreau,1040,1,13.7,1,0.9994,High
Felix Müller,641,2,518.98,1,0.9986,High
Felix Park,1014,1,275.32,1,0.9994,High
Felix Patel,204,1,120.16,1,0.9994,High
Felix Pereira,194,1,22.64,1,0.9994,High
Felix Robinson,82,1,445.31,1,0.9986,High
Felix Rodriguez,1090,1,28.56,1,0.9994,High
Felix Romano,410,2,116.72,1,0.9994,High
Felix Santos,1019,1,825.97,1,0.9986,High
Felix Schmidt,493,1,119.17,1,0.9994,High
Felix Singh,35,1,45.56,0,0.0088,Low
Felix Smith,82,4,605.4499999999999,1,0.9986,High
Felix Taylor,714,1,21.31,1,0.9994,High
Felix Thomas,1091,1,1058.14,1,0.9986,High
Felix Thompson,1044,1,2835.36,1,0.9979,High
Felix White,509,2,467.46,1,0.9986,High
Felix Yamamoto,1058,1,346.74,1,0.9995,High
Giulia Ali,1036,1,270.58,1,0.9994,High
Giulia Anderson,673,2,38.52,1,0.9994,High
Giulia Brown,430,2,127.95,1,0.9994,High
Giulia Dubois,906,1,6.62,1,0.9994,High
Giulia Garcia,85,1,8.33,1,0.9994,High
Giulia Harris,61,1,391.54,1,0.6041,Medium
Giulia Johansson,369,1,1667.44,1,0.9986,High
Giulia Johnson,745,2,623.79,1,0.9986,High
Giulia Khan,819,1,25.92,1,0.9994,High
Giulia Leroy,1058,1,8.96,1,0.9994,High
Giulia Li,431,1,104.5,1,0.9994,High
Giulia Miller,250,2,662.12,1,0.9986,High
Giulia Müller,198,1,47.48,1,0.9994,High
Giulia Nilsson,652,1,149.59,1,0.9994,High
Giulia Oliveira,75,1,53.72,1,0.9994,High
Giulia Pereira,872,1,18.19,1,0.9994,High
Giulia Rodriguez,339,1,253.6,1,0.9994,High
Giulia Rossi,774,1,590.48,1,0.9986,High
Giulia Russo,168,1,36.18,1,0.9994,High
Giulia Singh,291,1,17.18,1,0.9994,High
Giulia Smith,268,1,77.03,1,0.9994,High
Giulia Taylor,291,2,274.26,1,0.9994,High
Giulia White,275,1,225.85,1,0.9994,High
Giulia Williams,751,1,110.59,1,0.9994,High
Giulia Yamamoto,448,1,73.69,1,0.9994,High
Hanna Ahmed,1053,1,480.78,1,0.9986,High
Hanna Ali,516,1,49.44,1,0.9994,High
Hanna Brown,654,1,17.14,1,0.9994,High
Hanna Davis,947,1,66.32,1,0.9994,High
Hanna Dubois,735,1,237.44,1,0.9994,High
Hanna Ferrari,57,1,41.28,0,0.0214,Low
Hanna Fischer,177,1,51.02,1,0.9994,High
Hanna Hassan,58,1,596.92,0,0.0122,Low
Hanna Johnson,790,1,1449.74,1,0.9986,High
Hanna Jones,1014,1,3813.98,1,0.9979,High
Hanna Khan,838,1,50.8,1,0.9994,High
Hanna Kim,581,1,14.73,1,0.9994,High
Hanna Kumar,815,1,62.53,1,0.9994,High
Hanna Leroy,1,2,66.58,0,0.0088,Low
Hanna Li,257,1,61.73,1,0.9994,High
Hanna Martinez,15,1,22.64,0,0.0088,Low
Hanna Müller,655,1,561.48,1,0.9986,High
Hanna Nilsson,227,1,19.62,1,0.9994,High
Hanna Park,161,1,235.68,1,0.9994,High
Hanna Robinson,592,1,127.58,1,0.9994,High
Hanna Rodriguez,244,1,232.77,1,0.9994,High
Hanna Rossi,873,1,34.92,1,0.9994,High
Hanna Santos,842,1,134.94,1,0.9994,High
Hanna Sato,126,3,353.04,1,0.9995,High
Hanna Sharma,417,1,1236.1,1,0.9986,High
Hanna Taylor,722,1,577.59,1,0.9986,High
Hanna Thomas,432,1,164.85,1,0.9994,High
Hanna Weber,341,2,860.85,1,0.9986,High
Hanna White,540,1,143.57,1,0.9994,High
Hanna Williams,301,1,241.47,1,0.9994,High
Hanna Yamamoto,820,1,1378.26,1,0.9986,High
Hans Ali,280,1,72.35,1,0.9994,High
Hans Anderson,492,2,174.69,1,0.9994,High
Hans Chen,1060,1,179.48,1,0.9994,High
Hans Costa,241,2,435.78,1,0.9986,High
Hans Ferrari,190,1,16.31,1,0.9994,High
Hans Fischer,538,2,468.86,1,0.9986,High
Hans Harris,644,1,505.77,1,0.9986,High
Hans Hassan,513,1,92.21,1,0.9994,High
Hans Johnson,508,3,393.17999999999995,1,0.9995,High
Hans Khan,229,1,86.45,1,0.9994,High
Hans Kim,1055,1,138.69,1,0.9994,High
Hans Kumar,255,2,107.59,1,0.9994,High
Hans Laurent,98,2,114.77000000000001,1,0.9994,High
Hans Martin,758,1,111.88,1,0.9994,High
Hans Martinez,692,1,2264.35,1,0.9983,High
Hans Miller,412,2,682.79,1,0.9986,High
Hans Müller,296,2,438.15999999999997,1,0.9986,High
Hans Oliveira,127,1,14.83,1,0.9994,High
Hans Park,487,1,125.56,1,0.9994,High
Hans Patel,279,2,743.06,1,0.9986,High
Hans Robinson,751,1,79.09,1,0.9994,High
Hans Rossi,65,2,470.72,1,0.9986,High
Hans Santos,1008,1,53.53,1,0.9994,High
Hans Sato,58,1,932.25,0,0.0122,Low
Hans Schmidt,550,1,112.4,1,0.9994,High
Hans Sharma,259,1,454.06,1,0.9986,High
Hans Singh,900,1,582.95,1,0.9986,High
Hans Smith,847,1,22.68,1,0.9994,High
Hans Wang,55,1,6.66,0,0.0088,Low
Hans White,521,1,50.0,1,0.9994,High
Hans Yamamoto,937,1,147.71,1,0.9994,High
Hans Zhang,263,1,26.73,1,0.9994,High
Ingrid Clark,225,2,38.129999999999995,1,0.9994,High
Ingrid Davis,232,2,109.72,1,0.9994,High
Ingrid Jackson,68,1,749.59,1,0.9986,High
Ingrid Khan,910,1,54.23,1,0.9994,High
Ingrid Laurent,488,1,109.65,1,0.9994,High
Ingrid Li,14,1,52.93,0,0.0088,Low
Ingrid Martin,492,1,19.03,1,0.9994,High
Ingrid Martinez,434,1,446.69,1,0.9986,High
Ingrid Moreau,815,1,36.63,1,0.9994,High
Ingrid Müller,594,1,42.23,1,0.9994,High
Ingrid Nilsson,136,1,378.65,1,0.9995,High
Ingrid Pereira,167,1,1044.2,1,0.9986,High
Ingrid Robinson,249,1,172.2,1,0.9994,High
Ingrid Romano,223,1,835.43,1,0.9986,High
Ingrid Santos,375,1,6.13,1,0.9994,High
Ingrid Sato,421,1,84.5,1,0.9994,High
Ingrid Schmidt,1039,1,493.8,1,0.9986,High
Ingrid Suzuki,12,1,88.6,0,0.0088,Low
Ingrid Wang,95,1,83.98,1,0.9994,High
Ingrid Weber,840,1,456.7,1,0.9986,High
Ingrid White,473,1,12.55,1,0.9994,High
Ingrid Williams,301,1,655.88,1,0.9986,High
Ingrid Yamamoto,390,1,12.35,1,0.9994,High
Ingrid Zhang,9,2,801.0899999999999,0,0.005,Low
Isabella Ahmed,931,1,86.2,1,0.9994,High
Isabella Anderson,736,1,40.18,1,0.9994,High
Isabella Davis,333,1,150.02,1,0.9994,High
Isabella Ferrari,472,1,133.15,1,0.9994,High
Isabella Harris,766,1,122.35,1,0.9994,High
Isabella Jackson,314,2,165.98999999999998,1,0.9994,High
Isabella Johansson,471,2,256.55,1,0.9994,High
Isabella Johnson,742,1,340.88,1,0.9995,High
Isabella Jones,462,1,156.7,1,0.9994,High
Isabella Khan,106,1,660.62,1,0.9986,High
Isabella Kumar,918,1,19.19,1,0.9994,High
Isabella Laurent,619,1,3.42,1,0.9994,High
Isabella Li,812,1,72.24,1,0.9994,High
Isabella Martin,1021,1,29.18,1,0.9994,High
Isabella Nilsson,237,1,950.76,1,0.9986,High
Isabella Patel,827,1,177.12,1,0.9994,High
Isabella Rossi,759,1,1168.55,1,0.9986,High
Isabella Russo,202,1,159.47,1,0.9994,High
Isabella Sato,60,1,557.88,0,0.3697,Low
Isabella Schmidt,440,1,24.72,1,0.9994,High
Isabella Smith,106,1,34.14,1,0.9994,High
Isabella Tanaka,339,1,14.69,1,0.9994,High
Isabella Taylor,854,1,17.66,1,0.9994,High
Isabella Thomas,6,1,396.63,0,0.0066,Low
Isabella Thompson,273,1,160.72,1,0.9994,High
Isabella White,96,3,1121.62,1,0.9986,High
Isabella Yamamoto,637,1,18.2,1,0.9994,High
Ivan Ahmed,540,1,156.11,1,0.9994,High
Ivan Ali,380,1,155.08,1,0.9994,High
Ivan Anderson,974,1,36.42,1,0.9994,High
Ivan Costa,123,1,378.73,1,0.9995,High
Ivan Davis,82,2,398.26,1,0.9992,High
Ivan Dubois,717,1,154.2,1,0.9994,High
Ivan Jones,363,2,2647.41,1,0.9979,High
Ivan Laurent,156,1,130.52,1,0.9994,High
Ivan Leroy,292,1,48.23,1,0.9994,High
Ivan Li,723,2,1359.3600000000001,1,0.9986,High
Ivan Martin,402,1,13.3,1,0.9994,High
Ivan Martinez,508,1,478.14,1,0.9986,High
Ivan Moreau,387,1,687.44,1,0.9986,High
Ivan Müller,482,1,24.6,1,0.9994,High
Ivan Nilsson,133,1,115.23,1,0.9994,High
Ivan Park,386,1,13.38,1,0.9994,High
Ivan Patel,200,2,168.16,1,0.9994,High
Ivan Pereira,860,1,488.64,1,0.9986,High
Ivan Robinson,409,1,358.18,1,0.9995,High
Ivan Romano,438,1,13.0,1,0.9994,High
Ivan Santos,196,1,2069.76,1,0.9986,High
Ivan Sato,58,1,506.33,0,0.0122,Low
Ivan Sharma,228,1,35.97,1,0.9994,High
Ivan Smith,712,1,91.96,1,0.9994,High
Ivan Thomas,477,1,136.8,1,0.9994,High
Ivan Williams,453,1,540.31,1,0.9986,High
Ivan Zhang,640,2,184.31,1,0.9994,High
Jamal Ahmed,876,1,159.98,1,0.9994,High
Jamal Brown,72,1,242.76,1,0.9994,High
Jamal Chen,370,1,94.52,1,0.9994,High
Jamal Clark,847,2,205.41,1,0.9994,High
Jamal Ferrari,1001,1,21.5,1,0.9994,High
Jamal Harris,902,1,68.34,1,0.9994,High
Jamal Hassan,230,1,2327.47,1,0.9979,High
Jamal Jones,711,2,85.99000000000001,1,0.9994,High
Jamal Khan,611,1,73.88,1,0.9994,High
Jamal Kim,356,1,26.62,1,0.9994,High
Jamal Leroy,861,1,20.48,1,0.9994,High
Jamal Martinez,1033,1,730.94,1,0.9986,High
Jamal Nilsson,494,1,65.28,1,0.9994,High
Jamal Park,41,1,47.71,0,0.0088,Low
Jamal Patel,727,1,32.62,1,0.9994,High
Jamal Pereira,230,2,196.95999999999998,1,0.9994,High
Jamal Robinson,189,3,736.58,1,0.9986,High
Jamal Rossi,61,2,334.7,1,0.8372,High
Jamal Schmidt,972,2,589.46,1,0.9986,High
Jamal Sharma,500,1,219.01,1,0.9994,High
Jamal Singh,307,1,351.88,1,0.9995,High
Jamal Taylor,163,2,291.54,1,0.9994,High
Jamal Wang,388,1,23.28,1,0.9994,High
Jamal Williams,584,1,38.44,1,0.9994,High
Jamal Zhang,1046,1,101.46,1,0.9994,High
James Ahmed,319,2,505.49,1,0.9986,High
James Ali,398,1,6.25,1,0.9994,High
James Anderson,1005,1,79.15,1,0.9994,High
James Brown,586,1,26.97,1,0.9994,High
James Chen,1029,1,143.71,1,0.9994,High
James Clark,833,1,200.12,1,0.9994,High
James Ferrari,466,2,2424.87,1,0.9979,High
James Harris,424,2,417.14,1,0.9992,High
James Johansson,359,2,483.89000000000004,1,0.9986,High
James Khan,29,1,34.32,0,0.0088,Low
James Kumar,711,1,135.09,1,0.9994,High
James Li,730,1,407.25,1,0.9992,High
James Miller,264,1,258.03,1,0.9994,High
James Oliveira,405,1,31.2,1,0.9994,High
James Patel,329,1,281.28,1,0.9994,High
James Rossi,53,1,346.32,0,0.0098,Low
James Santos,91,1,159.96,1,0.9994,High
James Schmidt,878,1,202.05,1,0.9994,High
James Sharma,1002,1,27.5,1,0.9994,High
James Suzuki,933,1,221.75,1,0.9994,High
James Tanaka,918,1,473.15,1,0.9986,High
James Taylor,893,1,15.61,1,0.9994,High
James Wang,658,1,298.56,1,0.9994,High
James White,584,1,1233.43,1,0.9986,High
James Williams,76,2,1194.1,1,0.9986,High
Jennifer Ali,689,1,1300.1,1,0.9986,High
Jennifer Anderson,504,1,35.72,1,0.9994,High
Jennifer Brown,69,1,11.45,1,0.9994,High
Jennifer Clark,22,2,739.0200000000001,0,0.005,Low
Jennifer Costa,960,1,486.27,1,0.9986,High
Jennifer Dubois,78,1,32.7,1,0.9994,High
Jennifer Ferrari,187,2,265.12,1,0.9994,High
Jennifer Garcia,868,2,320.63,1,0.9994,High
Jennifer Harris,244,2,272.51,1,0.9994,High
Jennifer Khan,718,1,19.48,1,0.9994,High
Jennifer Kim,783,1,160.41,1,0.9994,High
Jennifer Leroy,263,1,198.4,1,0.9994,High
Jennifer Martinez,689,1,41.84,1,0.9994,High
Jennifer Moreau,1043,1,64.12,1,0.9994,High
Jennifer Nilsson,939,1,27.58,1,0.9994,High
Jennifer Oliveira,1,1,160.11,0,0.0088,Low
Jennifer Pereira,114,1,385.52,1,0.9995,High
Jennifer Robinson,124,1,544.32,1,0.9986,High
Jennifer Romano,401,2,484.2,1,0.9986,High
Jennifer Russo,1079,1,65.82,1,0.9994,High
Jennifer Santos,757,1,210.57,1,0.9994,High
Jennifer Tanaka,677,1,154.68,1,0.9994,High
Jennifer Thomas,301,1,158.63,1,0.9994,High
Jennifer Thompson,207,1,2.58,1,0.9994,High
Jennifer White,157,1,132.41,1,0.9994,High
Jennifer Yamamoto,459,1,123.94,1,0.9994,High
Jennifer Zhang,385,1,29.27,1,0.9994,High
Jessica Anderson,362,2,408.65000000000003,1,0.9992,High
Jessica Brown,241,1,30.04,1,0.9994,High
Jessica Costa,637,1,811.51,1,0.9986,High
Jessica Garcia,83,2,118.78,1,0.9994,High
Jessica Hassan,40,2,99.0,0,0.0088,Low
Jessica Johnson,157,1,56.89,1,0.9994,High
Jessica Kim,725,1,87.15,1,0.9994,High
Jessica Martin,612,1,118.18,1,0.9994,High
Jessica Moreau,320,2,694.97,1,0.9986,High
Jessica Müller,401,2,781.96,1,0.9986,High
Jessica Nilsson,381,1,91.37,1,0.9994,High
Jessica Park,297,2,87.63000000000001,1,0.9994,High
Jessica Patel,643,1,461.36,1,0.9986,High
Jessica Pereira,33,1,63.78,0,0.0088,Low
Jessica Russo,592,1,909.72,1,0.9986,High
Jessica Sato,990,1,52.25,1,0.9994,High
Jessica Schmidt,315,1,145.1,1,0.9994,High
Jessica Suzuki,505,1,530.21,1,0.9986,High
Jessica Tanaka,829,1,145.22,1,0.9994,High
Jessica Taylor,443,1,139.66,1,0.9994,High
Jessica Thomas,47,1,12.86,0,0.0088,Low
Jessica Wang,829,2,227.86,1,0.9994,High
Jessica Weber,805,1,115.26,1,0.9994,High
Jessica Williams,482,1,28.81,1,0.9994,High
Jessica Yamamoto,599,1,81.57,1,0.9994,High
John Brown,870,1,84.83,1,0.9994,High
John Ferrari,535,2,397.95,1,0.9992,High
John Johansson,1094,1,313.38,1,0.9994,High
John Laurent,592,2,640.3299999999999,1,0.9986,High
John Martin,280,1,99.56,1,0.9994,High
John Miller,736,1,65.99,1,0.9994,High
John Patel,825,1,99.56,1,0.9994,High
John Pereira,243,1,924.42,1,0.9986,High
John Robinson,669,2,123.86,1,0.9994,High
John Rodriguez,295,1,53.56,1,0.9994,High
John Suzuki,169,2,237.86,1,0.9994,High
John Wang,448,1,39.26,1,0.9994,High
John Zhang,690,1,205.44,1,0.9994,High
Joseph Ali,409,1,14.19,1,0.9994,High
Joseph Chen,29,2,754.8199999999999,0,0.005,Low
Joseph Clark,182,1,62.93,1,0.9994,High
Joseph Fischer,27,1,82.38,0,0.0088,Low
Joseph Garcia,263,1,35.46,1,0.9994,High
Joseph Johansson,575,1,465.3,1,0.9986,High
Joseph Johnson,886,1,18.96,1,0.9994,High
Joseph Leroy,819,1,44.26,1,0.9994,High
Joseph Martin,37,1,20.92,0,0.0088,Low
Joseph Martinez,578,3,486.89,1,0.9986,High
Joseph Romano,476,2,99.35,1,0.9994,High
Joseph Russo,567,1,223.29,1,0.9994,High
Joseph Schmidt,237,1,53.98,1,0.9994,High
Joseph Singh,548,1,22.69,1,0.9994,High
Joseph Suzuki,765,1,41.11,1,0.9994,High
Joseph Thompson,239,1,74.03,1,0.9994,High
Joseph Wang,103,1,189.69,1,0.9994,High
Joseph Weber,102,2,2287.2799999999997,1,0.9983,High
Joseph Zhang,44,1,81.36,0,0.0088,Low
Karen Ali,460,1,104.0,1,0.9994,High
Karen Anderson,538,3,441.71999999999997,1,0.9986,High
Karen Ferrari,594,1,42.31,1,0.9994,High
Karen Garcia,21,1,65.29,0,0.0088,Low
Karen Hassan,244,2,244.53,1,0.9994,High
Karen Jackson,1019,1,24.52,1,0.9994,High
Karen Khan,772,1,30.1,1,0.9994,High
Karen Martinez,1061,1,4.3,1,0.9994,High
Karen Moreau,981,1,43.85,1,0.9994,High
Karen Nilsson,620,1,398.95,1,0.9992,High
Karen Patel,148,1,14.45,1,0.9994,High
Karen Robinson,799,1,581.9,1,0.9986,High
Karen Romano,49,2,213.0,0,0.0088,Low
Karen Rossi,490,2,426.05,1,0.9992,High
Karen Russo,869,1,246.69,1,0.9994,High
Karen Santos,343,1,1236.75,1,0.9986,High
Karen Sato,618,2,2738.18,1,0.9979,High
Karen Smith,567,2,625.3100000000001,1,0.9986,High
Karen Suzuki,105,3,972.28,1,0.9986,High
Karen Tanaka,636,1,68.36,1,0.9994,High
Karen Thomas,889,1,52.78,1,0.9994,High
Karen Wang,718,2,474.35,1,0.9986,High
Karen Yamamoto,192,1,41.55,1,0.9994,High
Karen Zhang,871,1,29.63,1,0.9994,High
Kenji Anderson,601,1,993.9,1,0.9986,High
Kenji Davis,668,1,592.7,1,0.9986,High
Kenji Dubois,697,1,595.6,1,0.9986,High
Kenji Harris,8,1,235.66,0,0.0088,Low
Kenji Hassan,42,1,376.72,0,0.0098,Low
Kenji Johansson,299,1,49.72,1,0.9994,High
Kenji Johnson,13,1,264.5,0,0.0088,Low
Kenji Jones,441,2,378.08,1,0.9995,High
Kenji Leroy,941,1,198.83,1,0.9994,High
Kenji Martin,271,3,334.58,1,0.9998,High
Kenji Miller,107,1,92.61,1,0.9994,High
Kenji Moreau,83,2,253.37,1,0.9994,High
Kenji Nilsson,1065,1,54.96,1,0.9994,High
Kenji Robinson,944,1,1657.59,1,0.9986,High
Kenji Romano,624,3,116.81,1,0.9994,High
Kenji Rossi,1088,1,21.06,1,0.9994,High
Kenji Santos,148,1,42.69,1,0.9994,High
Kenji Schmidt,744,1,79.3,1,0.9994,High
Kenji Sharma,616,1,205.58,1,0.9994,High
Kenji Smith,320,1,64.5,1,0.9994,High
Kenji Suzuki,867,1,18.91,1,0.9994,High
Kenji Taylor,834,1,751.49,1,0.9986,High
Kenji Wang,32,2,424.66999999999996,0,0.0066,Low
Kenji White,709,1,123.9,1,0.9994,High
Kenji Williams,137,1,301.48,1,0.9994,High
Kenji Yamamoto,227,1,25.7,1,0.9994,High
Kenji Zhang,1050,1,271.99,1,0.9994,High
Layla Ahmed,363,1,113.35,1,0.9994,High
Layla Anderson,797,1,193.72,1,0.9994,High
Layla Chen,215,1,117.56,1,0.9994,High
Layla Ferrari,242,1,109.08,1,0.9994,High
Layla Fischer,832,1,260.91,1,0.9994,High
Layla Garcia,424,2,512.4,1,0.9986,High
Layla Jackson,169,2,97.13999999999999,1,0.9994,High
Layla Johansson,285,2,594.21,1,0.9986,High
Layla Khan,1058,1,57.55,1,0.9994,High
Layla Kumar,621,1,148.32,1,0.9994,High
Layla Leroy,255,1,186.8,1,0.9994,High
Layla Li,617,1,227.49,1,0.9994,High
Layla Oliveira,814,1,2701.31,1,0.9979,High
Layla Park,38,2,124.49000000000001,0,0.0088,Low
Layla Patel,448,1,334.09,1,0.9998,High
Layla Rodriguez,64,1,179.64,1,0.9975,High
Layla Romano,453,1,76.32,1,0.9994,High
Layla Santos,965,1,65.56,1,0.9994,High
Layla Sharma,96,1,308.12,1,0.9994,High
Layla Smith,71,1,606.67,1,0.9986,High
Layla Thomas,603,1,95.85,1,0.9994,High
Layla Williams,413,1,790.88,1,0.9986,High
Layla Yamamoto,36,1,212.76,0,0.0088,Low
Layla Zhang,513,1,15.84,1,0.9994,High
Li Davis,530,1,44.59,1,0.9994,High
Li Harris,189,2,180.4,1,0.9994,High
Li Khan,577,1,461.9,1,0.9986,High
Li Kim,19,1,55.53,0,0.0088,Low
Li Laurent,682,1,3007.62,1,0.9979,High
Li Miller,405,2,1108.8400000000001,1,0.9986,High
Li Müller,439,1,44.84,1,0.9994,High
Li Oliveira,544,1,35.45,1,0.9994,High
Li Pereira,204,2,263.62,1,0.9994,High
Li Rossi,428,2,136.9,1,0.9994,High
Li Sharma,803,1,396.49,1,0.9995,High
Li Smith,159,1,243.95,1,0.9994,High
Li Suzuki,167,2,467.78,1,0.9986,High
Li Taylor,990,1,169.97,1,0.9994,High
Li Wang,79,2,146.5,1,0.9994,High
Li White,986,1,194.11,1,0.9994,High
Li Yamamoto,977,1,16.95,1,0.9994,High
Liam Ali,861,1,1410.66,1,0.9986,High
Liam Clark,250,2,2076.5299999999997,1,0.9986,High
Liam Costa,754,1,8.72,1,0.9994,High
Liam Davis,356,2,1109.04,1,0.9986,High
Liam Johansson,878,1,44.79,1,0.9994,High
Liam Jones,805,2,50.4,1,0.9994,High
Liam Kim,563,1,101.1,1,0.9994,High
Liam Laurent,837,1,597.19,1,0.9986,High
Liam Martin,42,1,320.17,0,0.0088,Low
Liam Nilsson,476,1,70.4,1,0.9994,High
Liam Patel,398,1,96.15,1,0.9994,High
Liam Pereira,866,1,116.33,1,0.9994,High
Liam Rodriguez,83,2,440.14000000000004,1,0.9986,High
Liam Romano,737,1,58.76,1,0.9994,High
Liam Rossi,753,1,25.4,1,0.9994,High
Liam Russo,373,1,1189.16,1,0.9986,High
Liam Schmidt,448,1,55.6,1,0.9994,High
Liam Sharma,50,1,28.73,0,0.0088,Low
Liam Smith,73,1,238.4,1,0.9994,High
Liam Tanaka,707,1,186.41,1,0.9994,High
Liam Taylor,365,1,80.89,1,0.9994,High
Liam Wang,886,1,84.63,1,0.9994,High
Liam White,227,1,42.82,1,0.9994,High
Liam Zhang,194,1,21.34,1,0.9994,High
Linda Brown,876,1,246.19,1,0.9994,High
Linda Fischer,478,1,121.36,1,0.9994,High
Linda Harris,387,1,220.36,1,0.9994,High
Linda Hassan,160,1,251.68,1,0.9994,High
Linda Johnson,209,1,254.07,1,0.9994,High
Linda Khan,91,1,207.42,1,0.9994,High
Linda Kumar,766,1,435.36,1,0.9986,High
Linda Laurent,787,1,15.15,1,0.9994,High
Linda Martin,749,1,127.12,1,0.9994,High
Linda Müller,721,1,24.74,1,0.9994,High
Linda Nilsson,0,1,523.65,0,0.005,Low
Linda Patel,522,1,335.32,1,0.9998,High
Linda Rodriguez,442,1,47.97,1,0.9994,High
Linda Russo,800,2,405.14,1,0.9992,High
Linda Santos,473,1,148.65,1,0.9994,High
Linda Sato,615,1,67.14,1,0.9994,High
Linda Smith,396,2,786.6899999999999,1,0.9986,High
Linda Suzuki,561,1,291.84,1,0.9994,High
Linda Thompson,419,1,104.2,1,0.9994,High
Linda Wang,214,1,90.48,1,0.9994,High
Linda Weber,447,1,2762.4,1,0.9979,High
Linda Zhang,66,1,114.6,1,0.9994,High
Lucas Anderson,1031,1,79.84,1,0.9994,High
Lucas Brown,231,2,236.81,1,0.9994,High
Lucas Chen,912,2,1789.77,1,0.9986,High
Lucas Clark,28,1,39.07,0,0.0088,Low
Lucas Costa,248,1,62.17,1,0.9994,High
Lucas Hassan,87,1,1267.83,1,0.9986,High
Lucas Jones,889,1,16.91,1,0.9994,High
Lucas Khan,958,1,590.48,1,0.9986,High
Lucas Kim,213,2,1513.4299999999998,1,0.9986,High
Lucas Laurent,500,1,254.28,1,0.9994,High
Lucas Leroy,830,1,9.94,1,0.9994,High
Lucas Li,756,1,649.62,1,0.9986,High
Lucas Moreau,192,2,692.5400000000001,1,0.9986,High
Lucas Müller,405,1,27.06,1,0.9994,High
Lucas Nilsson,189,2,2734.69,1,0.9979,High
Lucas Oliveira,827,1,146.0,1,0.9994,High
Lucas Park,438,1,179.65,1,0.9994,High
Lucas Rodriguez,686,1,154.2,1,0.9994,High
Lucas Romano,121,1,193.3,1,0.9994,High
Lucas Russo,606,2,380.79999999999995,1,0.9995,High
Lucas Sato,24,2,761.31,0,0.005,Low
Lucas Schmidt,1048,1,202.61,1,0.9994,High
Lucas Sharma,1060,1,1178.95,1,0.9986,High
Lucas Suzuki,801,2,72.80000000000001,1,0.9994,High
Lucas Tanaka,276,1,412.13,1,0.9992,High
Lucas Thomas,835,1,50.51,1,0.9994,High
Lucas White,909,1,6.29,1,0.9994,High
Lucas Williams,583,1,106.47,1,0.9994,High
Lucas Yamamoto,305,1,87.28,1,0.9994,High
Marco Davis,329,1,105.83,1,0.9994,High
Marco Ferrari,176,1,59.17,1,0.9994,High
Marco Harris,914,1,154.06,1,0.9994,High
Marco Hassan,688,1,52.11,1,0.9994,High
Marco Kim,346,1,9.18,1,0.9994,High
Marco Martin,939,1,189.73,1,0.9994,High
Marco Moreau,1083,1,109.03,1,0.9994,High
Marco Nilsson,826,1,126.55,1,0.9994,High
Marco Rodriguez,429,1,45.45,1,0.9994,High
Marco Santos,586,1,2620.28,1,0.9979,High
Marco Sato,51,2,336.78999999999996,0,0.0323,Low
Marco Sharma,555,2,1814.97,1,0.9986,High
Marco Tanaka,111,1,41.74,1,0.9994,High
Marco Taylor,16,2,1195.1100000000001,0,0.005,Low
Marco Weber,631,1,878.42,1,0.9986,High
Maria Ahmed,93,1,150.7,1,0.9994,High
Maria Anderson,602,1,158.64,1,0.9994,High
Maria Costa,477,3,326.76,1,0.9998,High
Maria Ferrari,679,1,221.84,1,0.9994,High
Maria Hassan,551,1,367.5,1,0.9995,High
Maria Johnson,440,1,327.46,1,0.9998,High
Maria Khan,718,1,151.34,1,0.9994,High
Maria Laurent,1057,1,8.67,1,0.9994,High
Maria Leroy,2,1,388.58,0,0.0098,Low
Maria Martin,25,1,71.23,0,0.0088,Low
Maria Martinez,996,1,120.23,1,0.9994,High
Maria Miller,744,1,45.26,1,0.9994,High
Maria Moreau,329,1,201.15,1,0.9994,High
Maria Müller,297,1,11.23,1,0.9994,High
Maria Rodriguez,153,2,376.6,1,0.9995,High
Maria Rossi,547,1,123.84,1,0.9994,High
Maria Schmidt,996,1,152.16,1,0.9994,High
Maria Sharma,1061,1,71.14,1,0.9994,High
Maria Suzuki,0,2,154.95,0,0.0088,Low
Maria Tanaka,812,2,195.09,1,0.9994,High
Maria Thomas,466,1,126.2,1,0.9994,High
Maria Weber,80,2,322.21999999999997,1,0.9998,High
Maria Yamamoto,214,3,557.74,1,0.9986,High
Maria Zhang,687,1,74.68,1,0.9994,High
Mary Anderson,89,2,78.26,1,0.9994,High
Mary Chen,278,2,407.72,1,0.9992,High
Mary Clark,371,2,108.73,1,0.9994,High
Mary Davis,1076,1,485.0,1,0.9986,High
Mary Ferrari,1068,1,51.25,1,0.9994,High
Mary Fischer,53,2,185.63,0,0.0088,Low
Mary Garcia,592,1,92.8,1,0.9994,High
Mary Hassan,865,1,346.52,1,0.9995,High
Mary Jackson,25,1,8.96,0,0.0088,Low
Mary Johansson,921,1,344.98,1,0.9995,High
Mary Khan,142,3,256.84000000000003,1,0.9994,High
Mary Laurent,178,2,81.06,1,0.9994,High
Mary Martin,853,1,280.22,1,0.9994,High
Mary Martinez,74,1,80.36,1,0.9994,High
Mary Miller,314,2,72.53999999999999,1,0.9994,High
Mary Oliveira,510,1,115.85,1,0.9994,High
Mary Patel,332,1,65.04,1,0.9994,High
Mary Rodriguez,528,1,21.38,1,0.9994,High
Mary Rossi,55,1,82.24,0,0.0088,Low
Mary Russo,700,1,15.66,1,0.9994,High
Mary Smith,825,2,827.77,1,0.9986,High
Mary Weber,258,3,151.8,1,0.9994,High
Mary White,427,1,601.04,1,0.9986,High
Mary Yamamoto,30,1,1932.8,0,0.005,Low
Mia Ali,465,2,121.33000000000001,1,0.9994,High
Mia Anderson,289,1,371.17,1,0.9995,High
Mia Brown,208,1,262.0,1,0.9994,High
Mia Chen,463,1,142.41,1,0.9994,High
Mia Clark,714,2,105.52,1,0.9994,High
Mia Costa,451,1,512.33,1,0.9986,High
Mia Davis,854,1,31.21,1,0.9994,High
Mia Ferrari,1013,1,20.74,1,0.9994,High
Mia Harris,155,3,293.68,1,0.9994,High
Mia Johansson,242,1,791.59,1,0.9986,High
Mia Johnson,153,1,26.43,1,0.9994,High
Mia Jones,448,2,384.05,1,0.9995,High
Mia Laurent,419,1,77.65,1,0.9994,High
Mia Li,385,1,217.06,1,0.9994,High
Mia Martin,620,2,55.87,1,0.9994,High
Mia Müller,1043,1,122.43,1,0.9994,High
Mia Romano,526,1,583.17,1,0.9986,High
Mia Santos,161,3,301.37,1,0.9994,High
Mia Sharma,594,2,128.51999999999998,1,0.9994,High
Mia Smith,636,2,199.67000000000002,1,0.9994,High
Mia Tanaka,20,1,332.84,0,0.0323,Low
Mia Wang,158,1,222.04,1,0.9994,High
Mia Weber,331,2,266.43,1,0.9994,High
Mia White,534,1,345.35,1,0.9995,High
Michael Ahmed,165,1,392.02,1,0.9995,High
Michael Ali,851,1,294.15,1,0.9994,High
Michael Davis,339,2,415.10999999999996,1,0.9992,High
Michael Ferrari,446,4,159.15,1,0.9994,High
Michael Garcia,666,1,152.19,1,0.9994,High
Michael Harris,1067,1,54.25,1,0.9994,High
Michael Hassan,1038,1,64.18,1,0.9994,High
Michael Khan,857,2,578.49,1,0.9986,High
Michael Kim,622,1,58.17,1,0.9994,High
Michael Leroy,299,1,76.19,1,0.9994,High
Michael Li,836,1,449.07,1,0.9986,High
Michael Martin,919,1,17.95,1,0.9994,High
Michael Miller,225,1,45.49,1,0.9994,High
Michael Nilsson,345,1,171.83,1,0.9994,High
Michael Oliveira,151,1,8.78,1,0.9994,High
Michael Park,91,1,66.93,1,0.9994,High
Michael Rodriguez,879,1,185.96,1,0.9994,High
Michael Sato,803,1,66.02,1,0.9994,High
Michael Schmidt,540,1,15.86,1,0.9994,High
Michael Sharma,631,1,47.96,1,0.9994,High
Michael Smith,80,1,109.38,1,0.9994,High
Michael Tanaka,248,2,315.68,1,0.9994,High
Michael Taylor,629,1,151.42,1,0.9994,High
Michael Yamamoto,207,4,624.46,1,0.9986,High
Michael Zhang,1054,1,13.39,1,0.9994,High
Nadia Ahmed,116,1,22.62,1,0.9994,High
Nadia Anderson,556,1,20.68,1,0.9994,High
Nadia Brown,959,1,25.6,1,0.9994,High
Nadia Costa,605,2,464.42,1,0.9986,High
Nadia Davis,553,1,47.7,1,0.9994,High
Nadia Dubois,410,1,43.01,1,0.9994,High
Nadia Harris,393,2,615.34,1,0.9986,High
Nadia Jackson,909,1,35.5,1,0.9994,High
Nadia Johansson,658,1,430.78,1,0.9986,High
Nadia Laurent,640,1,521.8,1,0.9986,High
Nadia Leroy,158,1,741.08,1,0.9986,High
Nadia Martin,211,3,490.55,1,0.9986,High
Nadia Martinez,446,1,14.85,1,0.9994,High
Nadia Nilsson,15,1,827.42,0,0.005,Low
Nadia Oliveira,360,1,150.65,1,0.9994,High
Nadia Pereira,210,2,98.9,1,0.9994,High
Nadia Robinson,369,1,343.63,1,0.9995,High
Nadia Rodriguez,236,1,101.79,1,0.9994,High
Nadia Romano,652,1,7.66,1,0.9994,High
Nadia Rossi,757,1,135.0,1,0.9994,High
Nadia Santos,385,2,185.57999999999998,1,0.9994,High
Nadia Tanaka,800,2,1176.52,1,0.9986,High
Nadia Taylor,451,1,16.82,1,0.9994,High
Nadia Thomas,189,1,96.82,1,0.9994,High
Nadia Wang,256,3,2958.9700000000003,1,0.9979,High
Nadia Weber,1005,1,68.44,1,0.9994,High
Nadia Zhang,556,2,519.76,1,0.9986,High
Noah Ali,736,1,243.22,1,0.9994,High
Noah Chen,204,2,297.26,1,0.9994,High
Noah Clark,666,1,478.25,1,0.9986,High
Noah Dubois,482,1,143.71,1,0.9994,High
Noah Ferrari,417,1,205.27,1,0.9994,High
Noah Fischer,98,1,15.04,1,0.9994,High
Noah Hassan,512,1,13.5,1,0.9994,High
Noah Johansson,820,1,758.29,1,0.9986,High
Noah Jones,15,2,292.3,0,0.0088,Low
Noah Khan,934,1,374.13,1,0.9995,High
Noah Leroy,709,1,183.4,1,0.9994,High
Noah Martinez,635,1,100.68,1,0.9994,High
Noah Moreau,257,2,2141.76,1,0.9983,High
Noah Müller,654,1,219.07,1,0.9994,High
Noah Nilsson,224,1,253.14,1,0.9994,High
Noah Oliveira,883,1,520.15,1,0.9986,High
Noah Rodriguez,144,1,279.54,1,0.9994,High
Noah Russo,165,2,732.96,1,0.9986,High
Noah Santos,904,1,10.06,1,0.9994,High
Noah Smith,883,1,732.06,1,0.9986,High
Noah Suzuki,326,1,145.48,1,0.9994,High
Noah Tanaka,186,1,502.91,1,0.9986,High
Noah Taylor,848,1,92.48,1,0.9994,High
Noah Thomas,41,1,12.78,0,0.0088,Low
Olga Ahmed,724,1,60.89,1,0.9994,High
Olga Ali,264,1,13.24,1,0.9994,High
Olga Anderson,630,1,169.04,1,0.9994,High
Olga Davis,16,3,360.48,0,0.0098,Low
Olga Garcia,87,1,572.74,1,0.9986,High
Olga Hassan,997,1,211.75,1,0.9994,High
Olga Johansson,191,1,625.88,1,0.9986,High
Olga Kim,230,2,2095.6499999999996,1,0.9983,High
Olga Leroy,128,3,553.25,1,0.9986,High
Olga Li,498,1,15.61,1,0.9994,High
Olga Miller,33,1,18.75,0,0.0088,Low
Olga Müller,813,1,802.07,1,0.9986,High
Olga Nilsson,22,2,850.96,0,0.005,Low
Olga Patel,916,1,19.58,1,0.9994,High
Olga Pereira,697,2,114.12,1,0.9994,High
Olga Robinson,25,3,346.92,0,0.0098,Low
Olga Romano,570,1,182.0,1,0.9994,High
Olga Russo,264,2,952.73,1,0.9986,High
Olga Schmidt,900,1,1637.23,1,0.9986,High
Olga Suzuki,537,2,739.4100000000001,1,0.9986,High
Olga Taylor,305,2,449.59000000000003,1,0.9986,High
Olga Thompson,596,2,126.72999999999999,1,0.9994,High
Olga Wang,271,1,69.84,1,0.9994,High
Olga Weber,106,1,95.06,1,0.9994,High
Olga Yamamoto,137,2,602.73,1,0.9986,High
Olga Zhang,1004,1,40.72,1,0.9994,High
Olivia Ali,97,1,40.39,1,0.9994,High
Olivia Anderson,78,3,205.2,1,0.9994,High
Olivia Clark,225,1,46.37,1,0.9994,High
Olivia Davis,583,1,47.56,1,0.9994,High
Olivia Ferrari,827,1,418.55,1,0.9992,High
Olivia Garcia,481,1,48.32,1,0.9994,High
Olivia Johnson,457,1,148.51,1,0.9994,High
Olivia Jones,459,1,270.47,1,0.9994,High
Olivia Kim,279,1,232.02,1,0.9994,High
Olivia Kumar,961,1,131.73,1,0.9994,High
Olivia Laurent,755,1,9.23,1,0.9994,High
Olivia Leroy,53,1,157.57,0,0.0088,Low
Olivia Miller,718,1,247.06,1,0.9994,High
Olivia Moreau,883,1,616.26,1,0.9986,High
Olivia Nilsson,431,2,429.3,1,0.9986,High
Olivia Patel,536,2,501.29999999999995,1,0.9986,High
Olivia Pereira,564,1,39.61,1,0.9994,High
Olivia Robinson,633,1,189.92,1,0.9994,High
Olivia Rossi,880,1,79.61,1,0.9994,High
Olivia Sato,663,1,167.02,1,0.9994,High
Olivia Schmidt,178,1,9.44,1,0.9994,High
Olivia Sharma,448,2,421.05,1,0.9992,High
Olivia Wang,588,1,35.11,1,0.9994,High
Olivia White,286,1,138.68,1,0.9994,High
Olivia Williams,606,1,366.51,1,0.9995,High
Olivia Zhang,300,2,85.31,1,0.9994,High
Omar Ali,31,1,60.11,0,0.0088,Low
Omar Costa,474,3,518.5,1,0.9986,High
Omar Dubois,454,2,117.78,1,0.9994,High
Omar Fischer,617,1,151.73,1,0.9994,High
Omar Garcia,937,2,38.16,1,0.9994,High
Omar Hassan,855,1,229.28,1,0.9994,High
Omar Jackson,446,1,133.88,1,0.9994,High
Omar Leroy,1012,1,105.78,1,0.9994,High
Omar Li,821,1,143.33,1,0.9994,High
Omar Müller,896,1,1205.55,1,0.9986,High
Omar Nilsson,46,2,2138.87,0,0.005,Low
Omar Park,158,3,178.86,1,0.9994,High
Omar Patel,241,1,255.07,1,0.9994,High
Omar Rodriguez,546,1,30.08,1,0.9994,High
Omar Russo,158,3,75.37,1,0.9994,High
Omar Schmidt,273,1,1780.56,1,0.9986,High
Omar Singh,859,1,22.84,1,0.9994,High
Omar Thomas,268,2,161.42000000000002,1,0.9994,High
Omar Thompson,454,1,1093.11,1,0.9986,High
Omar Weber,480,1,31.92,1,0.9994,High
Omar Williams,547,3,1446.12,1,0.9986,High
Omar Yamamoto,324,2,347.74,1,0.9995,High
Oscar Ali,235,1,100.12,1,0.9994,High
Oscar Anderson,398,2,141.77,1,0.9994,High
Oscar Chen,166,1,751.33,1,0.9986,High
Oscar Costa,767,1,16.43,1,0.9994,High
Oscar Davis,25,1,96.6,0,0.0088,Low
Oscar Johansson,489,1,52.05,1,0.9994,High
Oscar Johnson,905,1,121.18,1,0.9994,High
Oscar Jones,1038,1,47.25,1,0.9994,High
Oscar Khan,703,1,75.28,1,0.9994,High
Oscar Kim,603,2,113.59,1,0.9994,High
Oscar Martin,25,2,142.57,0,0.0088,Low
Oscar Martinez,317,3,967.27,1,0.9986,High
Oscar Miller,229,2,689.21,1,0.9986,High
Oscar Müller,149,1,166.0,1,0.9994,High
Oscar Nilsson,361,1,603.39,1,0.9986,High
Oscar Pereira,704,1,36.74,1,0.9994,High
Oscar Santos,944,1,322.01,1,0.9998,High
Oscar Schmidt,360,2,91.92,1,0.9994,High
Oscar Taylor,1008,1,104.51,1,0.9994,High
Oscar Thomas,780,2,71.13,1,0.9994,High
Oscar Thompson,279,3,281.66,1,0.9994,High
Oscar Wang,679,1,65.35,1,0.9994,High
Oscar White,870,1,70.97,1,0.9994,High
Oscar Williams,472,1,37.65,1,0.9994,High
Oscar Zhang,404,1,417.87,1,0.9992,High
Patricia Chen,944,1,112.42,1,0.9994,High
Patricia Clark,673,1,22.66,1,0.9994,High
Patricia Costa,373,1,138.6,1,0.9994,High
Patricia Dubois,961,1,91.16,1,0.9994,High
Patricia Ferrari,341,1,36.6,1,0.9994,High
Patricia Garcia,166,1,43.53,1,0.9994,High
Patricia Jackson,187,2,271.78,1,0.9994,High
Patricia Khan,687,1,12.56,1,0.9994,High
Patricia Kim,219,2,296.90000000000003,1,0.9994,High
Patricia Leroy,236,1,155.47,1,0.9994,High
Patricia Martinez,816,1,30.78,1,0.9994,High
Patricia Müller,953,2,298.36,1,0.9994,High
Patricia Park,319,1,29.16,1,0.9994,High
Patricia Pereira,106,2,1451.69,1,0.9986,High
Patricia Rossi,643,1,36.21,1,0.9994,High
Patricia Santos,443,1,55.24,1,0.9994,High
Patricia Wang,284,1,149.72,1,0.9994,High
Patricia Weber,106,2,52.15,1,0.9994,High
Patricia Zhang,216,1,459.92,1,0.9986,High
Pierre Ahmed,366,1,126.94,1,0.9994,High
Pierre Anderson,120,1,555.39,1,0.9986,High
Pierre Costa,119,1,53.11,1,0.9994,High
Pierre Fischer,67,4,1234.94,1,0.9986,High
Pierre Garcia,254,1,15.62,1,0.9994,High
Pierre Hassan,408,1,138.81,1,0.9994,High
Pierre Jackson,561,1,456.08,1,0.9986,High
Pierre Jones,461,1,24.89,1,0.9994,High
Pierre Leroy,290,2,735.62,1,0.9986,High
Pierre Patel,481,1,184.73,1,0.9994,High
Pierre Pereira,251,1,138.49,1,0.9994,High
Pierre Robinson,10,1,51.1,0,0.0088,Low
Pierre Rodriguez,534,1,270.49,1,0.9994,High
Pierre Romano,859,1,665.42,1,0.9986,High
Pierre Smith,471,1,12.16,1,0.9994,High
Pierre Suzuki,29,1,22.39,0,0.0088,Low
Pierre Wang,71,2,327.82,1,0.9998,High
Pierre Weber,65,3,470.54999999999995,1,0.9986,High
Pierre Yamamoto,1014,1,181.74,1,0.9994,High
Priya Ali,899,1,108.6,1,0.9994,High
Priya Brown,221,2,216.8,1,0.9994,High
Priya Chen,971,1,21.87,1,0.9994,High
Priya Costa,55,2,612.54,0,0.005,Low
Priya Ferrari,351,2,1167.53,1,0.9986,High
Priya Garcia,824,1,189.3,1,0.9994,High
Priya Harris,73,1,172.08,1,0.9994,High
Priya Jackson,853,2,3836.46,1,0.9979,High
Priya Johansson,734,1,172.7,1,0.9994,High
Priya Jones,538,2,129.34,1,0.9994,High
Priya Kumar,595,1,199.44,1,0.9994,High
Priya Laurent,693,1,342.15,1,0.9995,High
Priya Leroy,601,2,43.07,1,0.9994,High
Priya Li,735,1,44.15,1,0.9994,High
Priya Martin,738,2,100.24,1,0.9994,High
Priya Martinez,906,2,161.57,1,0.9994,High
Priya Nilsson,667,2,37.07,1,0.9994,High
Priya Oliveira,541,1,2901.11,1,0.9979,High
Priya Park,997,1,101.8,1,0.9994,High
Priya Patel,264,1,174.05,1,0.9994,High
Priya Robinson,549,1,47.55,1,0.9994,High
Priya Rodriguez,665,1,710.18,1,0.9986,High
Priya Romano,266,1,116.2,1,0.9994,High
Priya Sato,426,1,18.61,1,0.9994,High
Priya Schmidt,512,2,203.6,1,0.9994,High
Priya Sharma,254,1,938.81,1,0.9986,High
Priya Singh,329,1,133.95,1,0.9994,High
Priya Smith,404,2,1588.92,1,0.9986,High
Priya Thomas,4,3,94.61,0,0.0088,Low
Priya Wang,1046,1,41.84,1,0.9994,High
Priya Weber,522,2,162.66,1,0.9994,High
Priya Williams,612,1,103.57,1,0.9994,High
Priya Zhang,1002,1,27.88,1,0.9994,High
Raj Anderson,777,1,18.14,1,0.9994,High
Raj Chen,926,1,20.62,1,0.9994,High
Raj Costa,1073,1,7.26,1,0.9994,High
Raj Garcia,336,1,356.83,1,0.9995,High
Raj Harris,267,2,993.37,1,0.9986,High
Raj Johnson,400,1,518.07,1,0.9986,High
Raj Khan,755,1,9.12,1,0.9994,High
Raj Li,634,1,43.56,1,0.9994,High
Raj Martinez,309,2,1030.05,1,0.9986,High
Raj Oliveira,818,1,779.58,1,0.9986,High
Raj Patel,48,2,44.120000000000005,0,0.0088,Low
Raj Pereira,245,1,123.1,1,0.9994,High
Raj Rodriguez,599,1,76.11,1,0.9994,High
Raj Rossi,33,2,262.03,0,0.0088,Low
Raj Santos,504,1,1111.23,1,0.9986,High
Raj Sato,160,2,115.48,1,0.9994,High
Raj Schmidt,446,1,53.34,1,0.9994,High
Raj Singh,736,1,17.86,1,0.9994,High
Raj Thomas,973,1,215.52,1,0.9994,High
Raj Thompson,108,2,183.79,1,0.9994,High
Raj Weber,546,1,42.3,1,0.9994,High
Raj White,32,1,25.08,0,0.0088,Low
Raj Yamamoto,313,1,167.77,1,0.9994,High
Richard Ali,89,3,94.72,1,0.9994,High
Richard Brown,586,1,223.56,1,0.9994,High
Richard Costa,489,1,708.42,1,0.9986,High
Richard Dubois,313,1,68.31,1,0.9994,High
Richard Garcia,630,1,25.2,1,0.9994,High
Richard Harris,1002,1,130.71,1,0.9994,High
Richard Jackson,359,2,126.09,1,0.9994,High
Richard Johnson,583,1,63.84,1,0.9994,High
Richard Kumar,632,1,313.19,1,0.9994,High
Richard Leroy,209,1,396.42,1,0.9995,High
Richard Li,941,1,8.57,1,0.9994,High
Richard Martinez,24,1,9.89,0,0.0088,Low
Richard Moreau,815,1,75.07,1,0.9994,High
Richard Müller,1001,1,505.36,1,0.9986,High
Richard Park,372,1,42.42,1,0.9994,High
Richard Patel,502,1,58.34,1,0.9994,High
Richard Rodriguez,710,1,178.7,1,0.9994,High
Richard Romano,23,2,464.38,0,0.005,Low
Richard Rossi,210,2,628.5600000000001,1,0.9986,High
Richard Santos,444,1,240.21,1,0.9994,High
Richard Sharma,165,1,40.3,1,0.9994,High
Richard Tanaka,477,2,990.69,1,0.9986,High
Richard Weber,261,1,131.94,1,0.9994,High
Richard Williams,237,1,81.41,1,0.9994,High
Richard Yamamoto,261,2,530.26,1,0.9986,High
Richard Zhang,288,1,242.53,1,0.9994,High
Robert Chen,322,2,604.48,1,0.9986,High
Robert Clark,805,1,196.92,1,0.9994,High
Robert Davis,238,1,204.96,1,0.9994,High
Robert Dubois,753,1,49.38,1,0.9994,High
Robert Garcia,468,1,38.67,1,0.9994,High
Robert Harris,181,2,64.69,1,0.9994,High
Robert Jackson,960,1,143.37,1,0.9994,High
Robert Khan,81,3,144.81,1,0.9994,High
Robert Leroy,119,2,217.86,1,0.9994,High
Robert Martinez,24,1,410.43,0,0.0066,Low
Robert Park,70,2,461.54,1,0.9986,High
Robert Patel,298,1,730.63,1,0.9986,High
Robert Robinson,1027,1,775.8,1,0.9986,High
Robert Rodriguez,99,2,451.99,1,0.9986,High
Robert Russo,64,1,34.75,1,0.9975,High
Robert Sato,8,1,16.06,0,0.0088,Low
Robert Schmidt,630,1,151.76,1,0.9994,High
Robert Sharma,944,1,217.35,1,0.9994,High
Robert Smith,911,1,24.14,1,0.9994,High
Robert Tanaka,103,1,161.92,1,0.9994,High
Robert Taylor,198,2,180.36,1,0.9994,High
Robert Thomas,143,1,125.54,1,0.9994,High
Robert Thompson,591,1,20.52,1,0.9994,High
Robert Wang,324,1,229.95,1,0.9994,High
Sakura Ahmed,421,1,141.35,1,0.9994,High
Sakura Ali,844,1,110.27,1,0.9994,High
Sakura Chen,275,1,122.02,1,0.9994,High
Sakura Costa,357,1,181.04,1,0.9994,High
Sakura Davis,211,2,1744.74,1,0.9986,High
Sakura Dubois,985,1,1159.91,1,0.9986,High
Sakura Garcia,468,1,12.88,1,0.9994,High
Sakura Harris,87,2,870.93,1,0.9986,High
Sakura Jones,522,2,112.75999999999999,1,0.9994,High
Sakura Kim,174,1,81.92,1,0.9994,High
Sakura Martin,1057,1,69.02,1,0.9994,High
Sakura Martinez,1076,1,128.02,1,0.9994,High
Sakura Müller,557,1,141.5,1,0.9994,High
Sakura Nilsson,111,1,102.78,1,0.9994,High
Sakura Oliveira,627,1,96.64,1,0.9994,High
Sakura Rodriguez,634,3,161.3,1,0.9994,High
Sakura Rossi,92,1,176.58,1,0.9994,High
Sakura Smith,593,2,473.46,1,0.9986,High
Sakura Thomas,396,4,1835.02,1,0.9986,High
Sakura Zhang,284,1,135.82,1,0.9994,High
Sarah Brown,273,1,128.97,1,0.9994,High
Sarah Chen,521,2,3184.56,1,0.9979,High
Sarah Clark,114,2,543.56,1,0.9986,High
Sarah Davis,375,3,254.4,1,0.9994,High
Sarah Harris,27,2,239.96,0,0.0088,Low
Sarah Hassan,212,1,17.12,1,0.9994,High
Sarah Jackson,565,2,1085.95,1,0.9986,High
Sarah Johansson,387,1,32.95,1,0.9994,High
Sarah Johnson,75,2,199.39,1,0.9994,High
Sarah Khan,483,3,1176.28,1,0.9986,High
Sarah Kim,77,2,427.73,1,0.9986,High
Sarah Leroy,238,1,485.4,1,0.9986,High
Sarah Li,815,1,408.07,1,0.9992,High
Sarah Miller,464,1,149.36,1,0.9994,High
Sarah Moreau,637,1,52.76,1,0.9994,High
Sarah Nilsson,35,1,84.85,0,0.0088,Low
Sarah Patel,463,2,914.69,1,0.9986,High
Sarah Robinson,599,2,169.34,1,0.9994,High
Sarah Rossi,190,2,84.3,1,0.9994,High
Sarah Santos,395,1,375.54,1,0.9995,High
Sarah Sharma,291,2,687.53,1,0.9986,High
Sarah Smith,262,1,7.02,1,0.9994,High
Sarah Suzuki,795,1,419.54,1,0.9992,High
Sarah Tanaka,237,2,117.78,1,0.9994,High
Sarah Thompson,753,2,766.33,1,0.9986,High
Sarah Weber,99,1,602.87,1,0.9986,High
Sarah Zhang,1072,1,185.18,1,0.9994,High
Sophie Ahmed,355,1,197.61,1,0.9994,High
Sophie Brown,843,1,118.94,1,0.9994,High
Sophie Chen,194,2,266.6,1,0.9994,High
Sophie Clark,2,3,571.4100000000001,0,0.005,Low
Sophie Harris,912,2,152.89999999999998,1,0.9994,High
Sophie Jackson,277,1,215.05,1,0.9994,High
Sophie Johansson,440,1,4.14,1,0.9994,High
Sophie Johnson,247,1,8.55,1,0.9994,High
Sophie Jones,262,1,89.92,1,0.9994,High
Sophie Khan,14,1,343.95,0,0.0098,Low
Sophie Kim,407,1,34.77,1,0.9994,High
Sophie Leroy,83,1,73.71,1,0.9994,High
Sophie Li,551,1,66.68,1,0.9994,High
Sophie Martin,150,2,560.46,1,0.9986,High
Sophie Martinez,71,3,1500.83,1,0.9986,High
Sophie Miller,751,1,38.64,1,0.9994,High
Sophie Park,1045,1,206.72,1,0.9994,High
Sophie Pereira,405,1,336.43,1,0.9998,High
Sophie Rossi,245,1,29.71,1,0.9994,High
Sophie Sato,147,1,118.42,1,0.9994,High
Sophie Schmidt,60,2,426.84000000000003,0,0.3697,Low
Sophie Sharma,114,1,170.05,1,0.9994,High
Sophie Tanaka,87,1,414.36,1,0.9992,High
Sophie Thomas,991,1,772.8,1,0.9986,High
Sophie Weber,579,1,118.7,1,0.9994,High
Sophie White,107,2,225.02999999999997,1,0.9994,High
Sophie Williams,493,1,37.81,1,0.9994,High
Sophie Yamamoto,956,1,134.2,1,0.9994,High
Sophie Zhang,50,1,15.08,0,0.0088,Low
Susan Ali,43,1,241.57,0,0.0088,Low
Susan Chen,791,1,72.31,1,0.9994,High
Susan Davis,1082,1,848.92,1,0.9986,High
Susan Garcia,234,1,6.24,1,0.9994,High
Susan Harris,191,1,130.4,1,0.9994,High
Susan Hassan,632,1,158.98,1,0.9994,High
Susan Jackson,52,2,810.94,0,0.005,Low
Susan Johansson,1068,1,167.34,1,0.9994,High
Susan Kim,1024,1,210.93,1,0.9994,High
Susan Kumar,580,1,154.78,1,0.9994,High
Susan Laurent,103,1,108.22,1,0.9994,High
Susan Leroy,232,2,24.92,1,0.9994,High
Susan Li,673,1,250.72,1,0.9994,High
Susan Miller,909,1,88.43,1,0.9994,High
Susan Patel,433,1,41.72,1,0.9994,High
Susan Russo,0,1,310.97,0,0.0088,Low
Susan Schmidt,515,1,225.15,1,0.9994,High
Susan Wang,868,1,472.62,1,0.9986,High
Susan Weber,24,2,126.5,0,0.0088,Low
Susan White,294,2,490.63,1,0.9986,High
Susan Yamamoto,53,1,245.38,0,0.0088,Low
Susan Zhang,686,2,534.53,1,0.9986,High
Thomas Brown,211,1,303.33,1,0.9994,High
Thomas Chen,455,3,743.0,1,0.9986,High
Thomas Clark,280,1,46.7,1,0.9994,High
Thomas Costa,233,2,258.74,1,0.9994,High
Thomas Ferrari,756,1,59.92,1,0.9994,High
Thomas Hassan,93,1,513.14,1,0.9986,High
Thomas Jackson,434,1,36.33,1,0.9994,High
Thomas Johnson,438,1,248.51,1,0.9994,High
Thomas Laurent,48,2,668.12,0,0.005,Low
Thomas Li,932,1,25.63,1,0.9994,High
Thomas Miller,717,1,28.36,1,0.9994,High
Thomas Oliveira,117,3,518.9300000000001,1,0.9986,High
Thomas Patel,1021,1,275.31,1,0.9994,High
Thomas Rodriguez,553,3,228.76999999999998,1,0.9994,High
Thomas Santos,847,1,40.42,1,0.9994,High
Thomas Smith,78,2,792.01,1,0.9986,High
Thomas Suzuki,34,2,372.25,0,0.0098,Low
Thomas Tanaka,314,1,15.32,1,0.9994,High
Thomas Thomas,362,1,47.66,1,0.9994,High
Thomas Thompson,382,2,207.05,1,0.9994,High
Thomas Wang,504,1,51.09,1,0.9994,High
Thomas Weber,215,1,547.01,1,0.9986,High
Thomas Yamamoto,502,1,59.85,1,0.9994,High
Thomas Zhang,232,1,147.53,1,0.9994,High
Wei Ali,388,1,136.29,1,0.9994,High
Wei Anderson,256,1,242.96,1,0.9994,High
Wei Chen,1020,1,523.38,1,0.9986,High
Wei Costa,572,1,38.26,1,0.9994,High
Wei Fischer,755,2,105.22999999999999,1,0.9994,High
Wei Harris,215,2,960.81,1,0.9986,High
Wei Hassan,755,1,102.21,1,0.9994,High
Wei Jackson,60,1,2566.56,0,0.2726,Low
Wei Johansson,983,1,49.46,1,0.9994,High
Wei Johnson,625,1,331.83,1,0.9998,High
Wei Jones,653,1,158.15,1,0.9994,High
Wei Khan,442,1,8.54,1,0.9994,High
Wei Laurent,169,1,109.84,1,0.9994,High
Wei Li,255,4,2042.1399999999999,1,0.9986,High
Wei Martinez,606,1,217.59,1,0.9994,High
Wei Moreau,270,2,251.06,1,0.9994,High
Wei Müller,258,3,311.89,1,0.9994,High
Wei Patel,463,2,149.18,1,0.9994,High
Wei Rodriguez,612,1,436.05,1,0.9986,High
Wei Romano,938,1,140.33,1,0.9994,High
Wei Santos,751,2,387.13,1,0.9995,High
Wei Sato,523,2,729.63,1,0.9986,High
Wei Sharma,137,1,338.72,1,0.9998,High
Wei Smith,785,1,61.65,1,0.9994,High
Wei Suzuki,502,1,499.8,1,0.9986,High
Wei Taylor,576,1,390.41,1,0.9995,High
Wei Thompson,124,2,155.51999999999998,1,0.9994,High
Wei Wang,417,1,105.0,1,0.9994,High
Wei White,62,1,1118.04,1,0.9942,High
Wei Yamamoto,877,1,215.09,1,0.9994,High
Wei Zhang,88,1,128.36,1,0.9994,High
William Ahmed,721,1,264.98,1,0.9994,High
William Ali,54,1,408.32,0,0.0066,Low
William Chen,135,3,216.18,1,0.9994,High
William Clark,662,2,108.74,1,0.9994,High
William Ferrari,430,2,987.18,1,0.9986,High
William Garcia,196,1,16.16,1,0.9994,High
William Hassan,936,1,21.86,1,0.9994,High
William Khan,223,1,30.06,1,0.9994,High
William Kim,713,2,271.07000000000005,1,0.9994,High
William Martin,125,1,18.64,1,0.9994,High
William Martinez,171,2,107.88,1,0.9994,High
William Miller,755,1,59.74,1,0.9994,High
William Moreau,520,1,43.48,1,0.9994,High
William Nilsson,1003,1,268.98,1,0.9994,High
William Robinson,158,2,322.89,1,0.9998,High
William Rodriguez,74,1,29.3,1,0.9994,High
William Romano,472,1,104.65,1,0.9994,High
William Sato,44,1,278.17,0,0.0088,Low
William Sharma,1063,1,186.5,1,0.9994,High
William Smith,661,1,10.33,1,0.9994,High
William Wang,265,1,251.86,1,0.9994,High
William Yamamoto,819,1,619.17,1,0.9986,High
William Zhang,227,1,28.62,1,0.9994,High
Xiao Ali,644,1,838.3,1,0.9986,High
Xiao Brown,161,1,576.5,1,0.9986,High
Xiao Davis,7,1,121.12,0,0.0088,Low
Xiao Ferrari,41,2,90.2,0,0.0088,Low
Xiao Harris,764,1,18.28,1,0.9994,High
Xiao Jackson,59,1,48.46,0,0.0214,Low
Xiao Johansson,16,1,9.32,0,0.0088,Low
Xiao Johnson,560,1,74.88,1,0.9994,High
Xiao Kumar,574,1,32.28,1,0.9994,High
Xiao Laurent,861,1,98.61,1,0.9994,High
Xiao Martin,472,1,189.41,1,0.9994,High
Xiao Robinson,3,2,199.66,0,0.0088,Low
Xiao Rodriguez,268,2,71.9,1,0.9994,High
Xiao Romano,29,2,163.21,0,0.0088,Low
Xiao Santos,129,1,879.9,1,0.9986,High
Xiao Sharma,239,1,29.71,1,0.9994,High
Xiao Smith,887,1,17.02,1,0.9994,High
Xiao Taylor,925,1,143.72,1,0.9994,High
Xiao Wang,832,1,231.96,1,0.9994,High
Xiao Weber,290,1,32.46,1,0.9994,High
Xiao White,253,1,415.65,1,0.9992,High
Yuki Chen,712,1,20.84,1,0.9994,High
Yuki Costa,365,2,128.6,1,0.9994,High
Yuki Ferrari,696,1,343.07,1,0.9995,High
Yuki Johnson,582,1,135.89,1,0.9994,High
Yuki Kim,6,2,311.13,0,0.0088,Low
Yuki Kumar,1062,1,989.39,1,0.9986,High
Yuki Martin,692,1,269.56,1,0.9994,High
Yuki Miller,92,1,113.45,1,0.9994,High
Yuki Patel,1035,1,627.38,1,0.9986,High
Yuki Pereira,471,1,59.06,1,0.9994,High
Yuki Robinson,151,1,109.42,1,0.9994,High
Yuki Rodriguez,847,1,144.72,1,0.9994,High
Yuki Sharma,447,1,115.27,1,0.9994,High
Yuki Suzuki,197,1,25.69,1,0.9994,High
Yuki Thomas,393,1,379.59,1,0.9995,High
Yuki Thompson,564,1,6.93,1,0.9994,High
Yuki Zhang,850,1,12.77,1,0.9994,High
Zara Anderson,504,1,313.98,1,0.9994,High
Zara Brown,1083,1,15.82,1,0.9994,High
Zara Chen,624,1,18.5,1,0.9994,High
Zara Clark,471,1,155.86,1,0.9994,High
Zara Costa,1056,1,1142.37,1,0.9986,High
Zara Davis,366,1,22.05,1,0.9994,High
Zara Ferrari,938,1,58.41,1,0.9994,High
Zara Fischer,421,1,44.69,1,0.9994,High
Zara Harris,471,1,314.5,1,0.9994,High
Zara Hassan,436,1,13.36,1,0.9994,High
Zara Kim,940,1,436.15,1,0.9986,High
Zara Leroy,759,1,427.35,1,0.9986,High
Zara Miller,236,2,445.73,1,0.9986,High
Zara Moreau,818,1,6.83,1,0.9994,High
Zara Müller,710,1,148.25,1,0.9994,High
Zara Nilsson,763,2,352.59000000000003,1,0.9995,High
Zara Oliveira,90,1,308.79,1,0.9994,High
Zara Patel,984,1,433.94,1,0.9986,High
Zara Rodriguez,938,2,269.25,1,0.9994,High
Zara Smith,744,1,11.71,1,0.9994,High
Zara Suzuki,64,2,517.37,1,0.9942,High
Zara Thomas,449,1,95.53,1,0.9994,High
Zara Wang,82,1,25.37,1,0.9994,High
Zara Weber,381,1,47.46,1,0.9994,High
Zara White,596,2,94.52000000000001,1,0.9994,High
Zara Williams,96,2,1158.5,1,0.9986,High
