Customer_Name,Recency,Frequency,Monetary,Cluster,ML_Segment
Ahmed Ali,383,1,509.12,4,Promising
Ahmed Anderson,493,1,133.68,4,Promising
Ahmed Clark,635,2,94.28,3,Lost
Ahmed Dubois,22,3,105.73,1,Loyal
Ahmed Garcia,922,2,1769.48,2,At Risk
Ahmed Harris,1029,1,598.14,0,Champions
Ahmed Hassan,263,1,162.03,4,Promising
Ahmed Jackson,274,2,247.54,3,Lost
Ahmed Johansson,132,2,1670.1000000000001,2,At Risk
Ahmed Johnson,382,1,27.5,4,Promising
Ahmed Miller,989,1,1196.43,0,Champions
Ahmed Pereira,790,1,66.12,0,Champions
Ahmed Rodriguez,76,1,387.86,4,Promising
Ahmed Russo,107,1,179.32,4,Promising
Ahmed Santos,619,1,111.55,0,Champions
Ahmed Sharma,378,2,150.87,3,Lost
Ahmed Singh,564,3,1583.7,1,Loyal
Ahmed Smith,308,1,11.15,4,Promising
Ahmed Tanaka,409,1,7.03,4,Promising
Ahmed Taylor,786,2,432.71000000000004,3,Lost
Ahmed Thomas,382,1,659.08,4,Promising
Ahmed Thompson,908,1,240.97,0,Champions
Ahmed Weber,207,1,29.16,4,Promising
Ahmed Zhang,286,1,199.3,4,Promising
Ali Dubois,614,1,12.87,0,Champions
Ali Harris,159,2,1920.8899999999999,2,At Risk
Ali Hassan,416,1,106.82,4,Promising
Ali Jackson,9,1,85.33,4,Promising
Ali Johansson,836,2,577.5,3,Lost
Ali Johnson,839,1,603.09,0,Champions
Ali Jones,523,2,281.8,3,Lost
Ali Kim,125,1,115.14,4,Promising
Ali Leroy,345,1,32.2,4,Promising
Ali Li,797,1,154.26,0,Champions
Ali Miller,113,3,825.42,1,Loyal
Ali Müller,265,1,122.8,4,Promising
Ali Oliveira,533,1,103.77,4,Promising
Ali Patel,483,1,239.2,4,Promising
Ali Rodriguez,1089,1,55.83,0,Champions
Ali Romano,771,1,16.66,0,Champions
Ali Sato,559,1,139.56,0,Champions
Ali Taylor,287,1,232.53,4,Promising
Ali Thomas,621,1,42.36,0,Champions
Ali Wang,113,2,746.33,3,Lost
Ali Weber,736,1,273.55,0,Champions
Ali Yamamoto,63,2,260.69,3,Lost
Amina Ali,869,1,21.34,0,Champions
Amina Anderson,192,1,11.03,4,Promising
Amina Clark,539,2,146.91,3,Lost
Amina Harris,431,2,88.92,3,Lost
Amina Johansson,848,2,66.96000000000001,0,Champions
Amina Jones,756,1,132.12,0,Champions
Amina Khan,264,1,39.65,4,Promising
Amina Nilsson,115,1,142.31,4,Promising
Amina Romano,534,1,20.12,4,Promising
Amina Russo,585,1,224.54,0,Champions
Amina Sharma,131,1,10.91,4,Promising
Amina Singh,253,1,466.65,4,Promising
Amina Smith,17,1,69.66,4,Promising
Amina Tanaka,213,1,20.23,4,Promising
Amina Taylor,196,3,338.36,1,Loyal
Amina Thomas,498,1,108.66,4,Promising
Amina Wang,490,1,103.74,4,Promising
Amir Ali,262,2,219.52,3,Lost
Amir Anderson,460,1,120.95,4,Promising
Amir Brown,126,1,1319.0,2,At Risk
Amir Chen,935,1,585.15,0,Champions
Amir Dubois,103,1,7.95,4,Promising
Amir Ferrari,100,1,71.74,4,Promising
Amir Garcia,702,2,1469.12,2,At Risk
Amir Hassan,570,2,293.97,3,Lost
Amir Johansson,406,1,35.42,4,Promising
Amir Khan,650,2,1142.43,2,At Risk
Amir Laurent,760,1,917.09,0,Champions
Amir Li,606,1,754.02,0,Champions
Amir Moreau,473,1,86.26,4,Promising
Amir Oliveira,1078,1,1501.15,2,At Risk
Amir Park,809,1,31.5,0,Champions
Amir Rodriguez,344,1,239.7,4,Promising
Amir Singh,881,1,30.49,0,Champions
Amir Smith,511,1,228.99,4,Promising
Amir Tanaka,81,1,89.48,4,Promising
Amir Taylor,312,1,138.89,4,Promising
Amir Thompson,152,2,614.55,3,Lost
Amir Wang,632,1,11.3,0,Champions
Amir Williams,85,1,543.78,4,Promising
Amir Yamamoto,178,2,170.36999999999998,3,Lost
Ava Clark,196,3,306.87,1,Loyal
Ava Ferrari,1002,1,264.38,0,Champions
Ava Fischer,128,3,1739.6200000000001,1,Loyal
Ava Garcia,755,1,109.76,0,Champions
Ava Harris,599,1,148.04,0,Champions
Ava Jones,1057,1,174.28,0,Champions
Ava Laurent,20,1,73.52,4,Promising
Ava Li,751,1,17.47,0,Champions
Ava Martinez,1065,1,24.65,0,Champions
Ava Miller,430,1,244.2,4,Promising
Ava Oliveira,216,1,162.05,4,Promising
Ava Patel,558,1,64.87,0,Champions
Ava Rodriguez,400,1,21.0,4,Promising
Ava Rossi,87,2,278.23,3,Lost
Ava Yamamoto,216,2,192.3,3,Lost
Ayumi Ahmed,963,1,1438.39,2,At Risk
Ayumi Ali,824,1,79.98,0,Champions
Ayumi Clark,306,1,479.86,4,Promising
Ayumi Dubois,0,1,619.37,4,Promising
Ayumi Ferrari,1090,1,61.04,0,Champions
Ayumi Garcia,799,2,160.88,3,Lost
Ayumi Harris,239,2,489.01,3,Lost
Ayumi Johnson,1008,1,385.36,0,Champions
Ayumi Khan,364,2,725.33,3,Lost
Ayumi Kumar,755,1,54.37,0,Champions
Ayumi Laurent,417,1,577.02,4,Promising
Ayumi Martin,855,1,28.39,0,Champions
Ayumi Martinez,715,2,1131.45,2,At Risk
Ayumi Miller,636,1,37.26,0,Champions
Ayumi Moreau,545,1,16.8,0,Champions
Ayumi Nilsson,1049,1,48.95,0,Champions
Ayumi Pereira,323,1,22.48,4,Promising
Ayumi Robinson,406,2,426.26,3,Lost
Ayumi Romano,184,1,87.36,4,Promising
Ayumi Russo,3,1,41.13,4,Promising
Ayumi Singh,53,2,801.33,3,Lost
Ayumi Smith,327,1,49.91,4,Promising
Ayumi Suzuki,722,2,99.42999999999999,3,Lost
Ayumi Tanaka,736,2,82.87,3,Lost
Ayumi Taylor,379,1,251.52,4,Promising
Ayumi Thomas,472,1,375.0,4,Promising
Ayumi White,180,2,168.16000000000003,3,Lost
Ayumi Zhang,218,1,810.88,4,Promising
Barbara Ali,583,3,460.7,1,Loyal
Barbara Davis,715,3,552.83,1,Loyal
Barbara Dubois,561,1,192.38,0,Champions
Barbara Fischer,221,1,25.88,4,Promising
Barbara Hassan,872,1,513.13,0,Champions
Barbara Johnson,382,1,22.8,4,Promising
Barbara Jones,0,2,175.85,3,Lost
Barbara Khan,353,1,52.98,4,Promising
Barbara Leroy,1022,1,109.88,0,Champions
Barbara Miller,427,1,74.71,4,Promising
Barbara Moreau,426,1,34.7,4,Promising
Barbara Nilsson,619,1,314.72,0,Champions
Barbara Robinson,155,1,291.9,4,Promising
Barbara Rossi,946,1,35.7,0,Champions
Barbara Russo,1011,1,69.03,0,Champions
Barbara Sato,654,1,555.27,0,Champions
Barbara Sharma,339,3,591.9300000000001,1,Loyal
Barbara Singh,339,1,557.76,4,Promising
Barbara Suzuki,985,1,617.58,0,Champions
Barbara Thomas,988,1,609.39,0,Champions
Barbara Weber,229,2,145.51,3,Lost
Barbara White,234,1,34.06,4,Promising
Barbara Williams,12,1,147.96,4,Promising
Carlos Ahmed,723,1,47.57,0,Champions
Carlos Ali,271,2,78.98,3,Lost
Carlos Anderson,1008,1,183.12,0,Champions
Carlos Davis,426,1,97.81,4,Promising
Carlos Dubois,926,1,63.27,0,Champions
Carlos Ferrari,208,2,1786.34,2,At Risk
Carlos Jackson,190,1,60.48,4,Promising
Carlos Jones,281,1,47.2,4,Promising
Carlos Martinez,664,1,55.14,0,Champions
Carlos Patel,458,1,88.94,4,Promising
Carlos Robinson,612,1,109.09,0,Champions
Carlos Rodriguez,21,2,610.24,3,Lost
Carlos Santos,821,1,112.12,0,Champions
Carlos Schmidt,554,2,51.41,3,Lost
Carlos Sharma,144,3,418.67,1,Loyal
Carlos Smith,1012,1,335.28,0,Champions
Carlos Tanaka,171,1,2051.57,2,At Risk
Carlos Thomas,8,2,151.44,3,Lost
Carlos Thompson,560,1,203.59,0,Champions
Carlos Wang,987,1,199.03,0,Champions
Carlos Yamamoto,471,1,20.04,4,Promising
Chen Ali,172,1,105.71,4,Promising
Chen Anderson,511,1,196.42,4,Promising
Chen Chen,99,1,260.89,4,Promising
Chen Dubois,644,1,32.69,0,Champions
Chen Garcia,685,2,74.96000000000001,3,Lost
Chen Johansson,727,1,222.26,0,Champions
Chen Johnson,891,1,120.72,0,Champions
Chen Jones,909,1,776.28,0,Champions
Chen Khan,184,1,16.16,4,Promising
Chen Laurent,1070,1,159.19,0,Champions
Chen Martin,189,2,100.24,3,Lost
Chen Martinez,97,1,98.69,4,Promising
Chen Miller,928,1,197.88,0,Champions
Chen Nilsson,759,1,159.64,0,Champions
Chen Patel,23,5,1470.07,1,Loyal
Chen Rodriguez,854,1,34.92,0,Champions
Chen Romano,299,2,207.08,3,Lost
Chen Rossi,211,2,22.15,3,Lost
Chen Santos,247,2,256.72,3,Lost
Chen Singh,1074,1,99.69,0,Champions
Chen Smith,942,1,148.31,0,Champions
Chen Tanaka,78,2,236.85,3,Lost
Chen Taylor,7,1,71.31,4,Promising
Chen Thompson,701,2,270.46,3,Lost
Christopher Ahmed,228,1,16.15,4,Promising
Christopher Brown,509,2,180.93,3,Lost
Christopher Chen,177,2,133.74,3,Lost
Christopher Clark,331,1,56.36,4,Promising
Christopher Davis,75,2,1016.5899999999999,3,Lost
Christopher Fischer,425,1,16.58,4,Promising
Christopher Harris,243,2,120.17999999999999,3,Lost
Christopher Hassan,213,1,1202.53,2,At Risk
Christopher Jackson,354,1,121.72,4,Promising
Christopher Johansson,1083,1,914.43,0,Champions
Christopher Jones,239,1,489.74,4,Promising
Christopher Khan,206,2,442.95000000000005,3,Lost
Christopher Leroy,514,2,1094.01,3,Lost
Christopher Martinez,340,1,173.45,4,Promising
Christopher Miller,409,1,41.58,4,Promising
Christopher Müller,481,1,187.47,4,Promising
Christopher Park,169,2,286.33,3,Lost
Christopher Robinson,934,1,245.08,0,Champions
Christopher Rodriguez,106,1,371.64,4,Promising
Christopher Romano,37,1,1197.9,2,At Risk
Christopher Rossi,879,1,85.18,0,Champions
Christopher Schmidt,520,1,198.38,4,Promising
Christopher Tanaka,247,1,114.37,4,Promising
Christopher Taylor,965,1,121.2,0,Champions
Christopher Thompson,813,1,235.92,0,Champions
Christopher White,66,1,983.4,4,Promising
Christopher Williams,862,1,286.17,0,Champions
Clara Ali,376,1,71.08,4,Promising
Clara Brown,160,1,19.73,4,Promising
Clara Clark,871,1,52.81,0,Champions
Clara Costa,310,1,36.29,4,Promising
Clara Dubois,164,1,230.66,4,Promising
Clara Fischer,44,1,22.8,4,Promising
Clara Garcia,271,2,112.22,3,Lost
Clara Hassan,35,2,360.17,3,Lost
Clara Jackson,958,1,297.23,0,Champions
Clara Johnson,663,1,26.25,0,Champions
Clara Laurent,348,1,409.32,4,Promising
Clara Leroy,524,1,156.1,4,Promising
Clara Martin,171,1,192.45,4,Promising
Clara Martinez,190,1,120.43,4,Promising
Clara Miller,405,3,1362.28,1,Loyal
Clara Moreau,203,1,66.9,4,Promising
Clara Müller,378,1,2538.5,2,At Risk
Clara Nilsson,901,1,16.48,0,Champions
Clara Oliveira,987,1,291.24,0,Champions
Clara Robinson,120,2,358.24,3,Lost
Clara Rodriguez,704,1,141.77,0,Champions
Clara Romano,585,2,222.13,3,Lost
Clara Santos,950,1,45.14,0,Champions
Clara Sato,700,1,56.28,0,Champions
Clara Schmidt,481,1,68.85,4,Promising
Clara Sharma,178,1,432.8,4,Promising
Clara Singh,626,1,20.08,0,Champions
Clara Smith,1081,1,37.16,0,Champions
Clara Tanaka,544,2,90.89,3,Lost
Clara Taylor,1093,1,105.16,0,Champions
Clara Williams,893,1,101.04,0,Champions
David Anderson,1069,1,424.26,0,Champions
David Chen,253,1,18.14,4,Promising
David Clark,850,1,603.9,0,Champions
David Fischer,235,1,1399.84,2,At Risk
David Garcia,530,1,1616.1,2,At Risk
David Harris,1029,1,53.77,0,Champions
David Johansson,269,1,626.39,4,Promising
David Kumar,191,1,51.63,4,Promising
David Laurent,586,1,38.74,0,Champions
David Leroy,739,1,120.46,0,Champions
David Nilsson,168,1,170.26,4,Promising
David Park,264,1,329.91,4,Promising
David Rodriguez,430,1,236.93,4,Promising
David Rossi,362,1,624.38,4,Promising
David Schmidt,426,1,507.0,4,Promising
David Smith,232,3,151.6,1,Loyal
David Suzuki,481,1,257.67,4,Promising
David Thompson,899,1,193.41,0,Champions
David White,752,1,14.32,0,Champions
David Williams,89,1,96.88,4,Promising
Diego Anderson,748,1,31.05,0,Champions
Diego Davis,896,1,49.18,0,Champions
Diego Ferrari,97,1,59.15,4,Promising
Diego Harris,843,1,77.47,0,Champions
Diego Hassan,769,1,14.93,0,Champions
Diego Jackson,963,1,225.25,0,Champions
Diego Johansson,453,2,198.23,3,Lost
Diego Jones,790,1,27.49,0,Champions
Diego Kim,353,2,790.03,3,Lost
Diego Li,207,1,50.04,4,Promising
Diego Miller,115,2,587.9100000000001,3,Lost
Diego Nilsson,727,1,11.89,0,Champions
Diego Pereira,819,1,178.65,0,Champions
Diego Robinson,786,1,433.33,0,Champions
Diego Rossi,270,1,76.01,4,Promising
Diego Russo,164,1,865.13,4,Promising
Diego Schmidt,579,2,496.22,3,Lost
Diego Sharma,113,1,61.82,4,Promising
Diego Suzuki,59,2,751.29,3,Lost
Diego Thomas,490,2,433.86,3,Lost
Diego Weber,265,1,514.8,4,Promising
Diego Williams,43,1,292.5,4,Promising
Elizabeth Ahmed,1029,1,336.94,0,Champions
Elizabeth Chen,475,1,198.36,4,Promising
Elizabeth Dubois,753,1,198.4,0,Champions
Elizabeth Fischer,10,2,245.22,3,Lost
Elizabeth Garcia,78,1,17.49,4,Promising
Elizabeth Harris,742,2,411.78999999999996,3,Lost
Elizabeth Johansson,795,1,689.29,0,Champions
Elizabeth Johnson,187,2,783.03,3,Lost
Elizabeth Leroy,386,1,1608.71,2,At Risk
Elizabeth Martin,837,1,109.35,0,Champions
Elizabeth Miller,122,1,504.5,4,Promising
Elizabeth Moreau,1035,1,402.64,0,Champions
Elizabeth Müller,1,1,969.81,4,Promising
Elizabeth Park,181,1,127.22,4,Promising
Elizabeth Patel,433,1,38.24,4,Promising
Elizabeth Santos,170,1,28.3,4,Promising
Elizabeth Sato,888,1,303.6,0,Champions
Elizabeth Schmidt,67,2,1303.05,2,At Risk
Elizabeth Sharma,663,1,115.4,0,Champions
Elizabeth Singh,505,2,86.0,3,Lost
Elizabeth Taylor,176,2,185.6,3,Lost
Elizabeth Wang,419,1,232.74,4,Promising
Elizabeth Weber,754,1,425.44,0,Champions
Elizabeth Williams,130,3,499.93999999999994,1,Loyal
Elizabeth Zhang,100,1,110.16,4,Promising
Emma Anderson,280,1,120.94,4,Promising
Emma Brown,1007,1,81.35,0,Champions
Emma Chen,267,1,39.08,4,Promising
Emma Clark,327,1,35.8,4,Promising
Emma Dubois,303,2,251.33,3,Lost
Emma Jackson,782,1,177.94,0,Champions
Emma Johansson,958,1,24.6,0,Champions
Emma Johnson,91,3,533.21,1,Loyal
Emma Jones,195,1,683.82,4,Promising
Emma Kim,181,2,190.07,3,Lost
Emma Laurent,30,1,14.55,4,Promising
Emma Martin,225,1,1158.57,2,At Risk
Emma Martinez,824,1,124.47,0,Champions
Emma Miller,62,1,306.95,4,Promising
Emma Moreau,661,1,369.25,0,Champions
Emma Müller,349,2,455.73,3,Lost
Emma Nilsson,583,1,136.65,0,Champions
Emma Oliveira,1055,1,137.97,0,Champions
Emma Pereira,922,2,496.75,0,Champions
Emma Romano,269,1,219.67,4,Promising
Emma Sato,147,1,25.92,4,Promising
Emma Sharma,168,2,350.83,3,Lost
Emma Suzuki,34,2,70.33000000000001,3,Lost
Emma Tanaka,570,1,67.22,0,Champions
Emma Thompson,44,1,35.85,4,Promising
Emma Wang,125,2,321.67999999999995,3,Lost
Emma Weber,581,1,55.26,0,Champions
Emma Zhang,939,1,29.91,0,Champions
Ethan Chen,94,2,140.31,3,Lost
Ethan Clark,809,1,19.51,0,Champions
Ethan Hassan,1040,1,60.25,0,Champions
Ethan Johnson,383,2,364.29999999999995,3,Lost
Ethan Jones,206,1,99.48,4,Promising
Ethan Khan,767,1,217.19,0,Champions
Ethan Kim,868,1,50.75,0,Champions
Ethan Kumar,595,1,219.71,0,Champions
Ethan Li,312,2,261.18,3,Lost
Ethan Moreau,397,1,52.9,4,Promising
Ethan Park,934,1,1682.35,2,At Risk
Ethan Rodriguez,859,1,133.27,0,Champions
Ethan Santos,164,1,28.85,4,Promising
Ethan Sato,420,1,1645.59,2,At Risk
Ethan Thomas,170,1,138.21,4,Promising
Ethan Wang,143,2,490.67,3,Lost
Ethan Williams,484,1,224.52,4,Promising
Ethan Yamamoto,849,1,6.44,0,Champions
Fatima Brown,790,1,120.63,0,Champions
Fatima Costa,896,1,146.0,0,Champions
Fatima Davis,232,1,56.7,4,Promising
Fatima Ferrari,760,1,352.3,0,Champions
Fatima Fischer,43,2,600.76,3,Lost
Fatima Jackson,924,1,123.73,0,Champions
Fatima Johnson,120,1,286.32,4,Promising
Fatima Jones,698,1,88.43,0,Champions
Fatima Kim,796,1,11.38,0,Champions
Fatima Kumar,1028,1,90.68,0,Champions
Fatima Laurent,962,1,52.98,0,Champions
Fatima Li,95,2,1798.6299999999999,2,At Risk
Fatima Martin,823,1,236.04,0,Champions
Fatima Müller,275,1,66.13,4,Promising
Fatima Patel,774,2,85.82,3,Lost
Fatima Robinson,548,1,51.14,0,Champions
Fatima Rossi,1035,1,24.66,0,Champions
Fatima Singh,426,3,1896.67,2,At Risk
Fatima Smith,56,3,611.5,1,Loyal
Fatima Suzuki,1042,2,238.71,0,Champions
Fatima Wang,842,1,27.0,0,Champions
Fatima Weber,97,1,56.81,4,Promising
Fatima Williams,431,4,629.87,1,Loyal
Fatima Yamamoto,237,2,205.45,3,Lost
Fatima Zhang,94,2,125.88,3,Lost
Felix Ahmed,544,1,105.62,0,Champions
Felix Costa,884,1,308.8,0,Champions
Felix Davis,741,1,98.38,0,Champions
Felix Fischer,72,1,15.05,4,Promising
Felix Hassan,931,1,5.68,0,Champions
Felix Johansson,1046,1,18.57,0,Champions
Felix Kim,818,1,467.28,0,Champions
Felix Laurent,759,2,70.03,3,Lost
Felix Leroy,140,1,53.69,4,Promising
Felix Miller,985,1,54.74,0,Champions
Felix Moreau,1040,1,13.7,0,Champions
Felix Müller,641,2,518.98,3,Lost
Felix Park,1014,1,275.32,0,Champions
Felix Patel,204,1,120.16,4,Promising
Felix Pereira,194,1,22.64,4,Promising
Felix Robinson,82,1,445.31,4,Promising
Felix Rodriguez,1090,1,28.56,0,Champions
Felix Romano,410,2,116.72,3,Lost
Felix Santos,1019,1,825.97,0,Champions
Felix Schmidt,493,1,119.17,4,Promising
Felix Singh,35,1,45.56,4,Promising
Felix Smith,82,4,605.4499999999999,1,Loyal
Felix Taylor,714,1,21.31,0,Champions
Felix Thomas,1091,1,1058.14,0,Champions
Felix Thompson,1044,1,2835.36,2,At Risk
Felix White,509,2,467.46,3,Lost
Felix Yamamoto,1058,1,346.74,0,Champions
Giulia Ali,1036,1,270.58,0,Champions
Giulia Anderson,673,2,38.52,3,Lost
Giulia Brown,430,2,127.95,3,Lost
Giulia Dubois,906,1,6.62,0,Champions
Giulia Garcia,85,1,8.33,4,Promising
Giulia Harris,61,1,391.54,4,Promising
Giulia Johansson,369,1,1667.44,2,At Risk
Giulia Johnson,745,2,623.79,3,Lost
Giulia Khan,819,1,25.92,0,Champions
Giulia Leroy,1058,1,8.96,0,Champions
Giulia Li,431,1,104.5,4,Promising
Giulia Miller,250,2,662.12,3,Lost
Giulia Müller,198,1,47.48,4,Promising
Giulia Nilsson,652,1,149.59,0,Champions
Giulia Oliveira,75,1,53.72,4,Promising
Giulia Pereira,872,1,18.19,0,Champions
Giulia Rodriguez,339,1,253.6,4,Promising
Giulia Rossi,774,1,590.48,0,Champions
Giulia Russo,168,1,36.18,4,Promising
Giulia Singh,291,1,17.18,4,Promising
Giulia Smith,268,1,77.03,4,Promising
Giulia Taylor,291,2,274.26,3,Lost
Giulia White,275,1,225.85,4,Promising
Giulia Williams,751,1,110.59,0,Champions
Giulia Yamamoto,448,1,73.69,4,Promising
Hanna Ahmed,1053,1,480.78,0,Champions
Hanna Ali,516,1,49.44,4,Promising
Hanna Brown,654,1,17.14,0,Champions
Hanna Davis,947,1,66.32,0,Champions
Hanna Dubois,735,1,237.44,0,Champions
Hanna Ferrari,57,1,41.28,4,Promising
Hanna Fischer,177,1,51.02,4,Promising
Hanna Hassan,58,1,596.92,4,Promising
Hanna Johnson,790,1,1449.74,2,At Risk
Hanna Jones,1014,1,3813.98,2,At Risk
Hanna Khan,838,1,50.8,0,Champions
Hanna Kim,581,1,14.73,0,Champions
Hanna Kumar,815,1,62.53,0,Champions
Hanna Leroy,1,2,66.58,3,Lost
Hanna Li,257,1,61.73,4,Promising
Hanna Martinez,15,1,22.64,4,Promising
Hanna Müller,655,1,561.48,0,Champions
Hanna Nilsson,227,1,19.62,4,Promising
Hanna Park,161,1,235.68,4,Promising
Hanna Robinson,592,1,127.58,0,Champions
Hanna Rodriguez,244,1,232.77,4,Promising
Hanna Rossi,873,1,34.92,0,Champions
Hanna Santos,842,1,134.94,0,Champions
Hanna Sato,126,3,353.04,1,Loyal
Hanna Sharma,417,1,1236.1,2,At Risk
Hanna Taylor,722,1,577.59,0,Champions
Hanna Thomas,432,1,164.85,4,Promising
Hanna Weber,341,2,860.85,3,Lost
Hanna White,540,1,143.57,4,Promising
Hanna Williams,301,1,241.47,4,Promising
Hanna Yamamoto,820,1,1378.26,2,At Risk
Hans Ali,280,1,72.35,4,Promising
Hans Anderson,492,2,174.69,3,Lost
Hans Chen,1060,1,179.48,0,Champions
Hans Costa,241,2,435.78,3,Lost
Hans Ferrari,190,1,16.31,4,Promising
Hans Fischer,538,2,468.86,3,Lost
Hans Harris,644,1,505.77,0,Champions
Hans Hassan,513,1,92.21,4,Promising
Hans Johnson,508,3,393.17999999999995,1,Loyal
Hans Khan,229,1,86.45,4,Promising
Hans Kim,1055,1,138.69,0,Champions
Hans Kumar,255,2,107.59,3,Lost
Hans Laurent,98,2,114.77000000000001,3,Lost
Hans Martin,758,1,111.88,0,Champions
Hans Martinez,692,1,2264.35,2,At Risk
Hans Miller,412,2,682.79,3,Lost
Hans Müller,296,2,438.15999999999997,3,Lost
Hans Oliveira,127,1,14.83,4,Promising
Hans Park,487,1,125.56,4,Promising
Hans Patel,279,2,743.06,3,Lost
Hans Robinson,751,1,79.09,0,Champions
Hans Rossi,65,2,470.72,3,Lost
Hans Santos,1008,1,53.53,0,Champions
Hans Sato,58,1,932.25,4,Promising
Hans Schmidt,550,1,112.4,0,Champions
Hans Sharma,259,1,454.06,4,Promising
Hans Singh,900,1,582.95,0,Champions
Hans Smith,847,1,22.68,0,Champions
Hans Wang,55,1,6.66,4,Promising
Hans White,521,1,50.0,4,Promising
Hans Yamamoto,937,1,147.71,0,Champions
Hans Zhang,263,1,26.73,4,Promising
Ingrid Clark,225,2,38.129999999999995,3,Lost
Ingrid Davis,232,2,109.72,3,Lost
Ingrid Jackson,68,1,749.59,4,Promising
Ingrid Khan,910,1,54.23,0,Champions
Ingrid Laurent,488,1,109.65,4,Promising
Ingrid Li,14,1,52.93,4,Promising
Ingrid Martin,492,1,19.03,4,Promising
Ingrid Martinez,434,1,446.69,4,Promising
Ingrid Moreau,815,1,36.63,0,Champions
Ingrid Müller,594,1,42.23,0,Champions
Ingrid Nilsson,136,1,378.65,4,Promising
Ingrid Pereira,167,1,1044.2,4,Promising
Ingrid Robinson,249,1,172.2,4,Promising
Ingrid Romano,223,1,835.43,4,Promising
Ingrid Santos,375,1,6.13,4,Promising
Ingrid Sato,421,1,84.5,4,Promising
Ingrid Schmidt,1039,1,493.8,0,Champions
Ingrid Suzuki,12,1,88.6,4,Promising
Ingrid Wang,95,1,83.98,4,Promising
Ingrid Weber,840,1,456.7,0,Champions
Ingrid White,473,1,12.55,4,Promising
Ingrid Williams,301,1,655.88,4,Promising
Ingrid Yamamoto,390,1,12.35,4,Promising
Ingrid Zhang,9,2,801.0899999999999,3,Lost
Isabella Ahmed,931,1,86.2,0,Champions
Isabella Anderson,736,1,40.18,0,Champions
Isabella Davis,333,1,150.02,4,Promising
Isabella Ferrari,472,1,133.15,4,Promising
Isabella Harris,766,1,122.35,0,Champions
Isabella Jackson,314,2,165.98999999999998,3,Lost
Isabella Johansson,471,2,256.55,3,Lost
Isabella Johnson,742,1,340.88,0,Champions
Isabella Jones,462,1,156.7,4,Promising
Isabella Khan,106,1,660.62,4,Promising
Isabella Kumar,918,1,19.19,0,Champions
Isabella Laurent,619,1,3.42,0,Champions
Isabella Li,812,1,72.24,0,Champions
Isabella Martin,1021,1,29.18,0,Champions
Isabella Nilsson,237,1,950.76,4,Promising
Isabella Patel,827,1,177.12,0,Champions
Isabella Rossi,759,1,1168.55,2,At Risk
Isabella Russo,202,1,159.47,4,Promising
Isabella Sato,60,1,557.88,4,Promising
Isabella Schmidt,440,1,24.72,4,Promising
Isabella Smith,106,1,34.14,4,Promising
Isabella Tanaka,339,1,14.69,4,Promising
Isabella Taylor,854,1,17.66,0,Champions
Isabella Thomas,6,1,396.63,4,Promising
Isabella Thompson,273,1,160.72,4,Promising
Isabella White,96,3,1121.62,1,Loyal
Isabella Yamamoto,637,1,18.2,0,Champions
Ivan Ahmed,540,1,156.11,4,Promising
Ivan Ali,380,1,155.08,4,Promising
Ivan Anderson,974,1,36.42,0,Champions
Ivan Costa,123,1,378.73,4,Promising
Ivan Davis,82,2,398.26,3,Lost
Ivan Dubois,717,1,154.2,0,Champions
Ivan Jones,363,2,2647.41,2,At Risk
Ivan Laurent,156,1,130.52,4,Promising
Ivan Leroy,292,1,48.23,4,Promising
Ivan Li,723,2,1359.3600000000001,2,At Risk
Ivan Martin,402,1,13.3,4,Promising
Ivan Martinez,508,1,478.14,4,Promising
Ivan Moreau,387,1,687.44,4,Promising
Ivan Müller,482,1,24.6,4,Promising
Ivan Nilsson,133,1,115.23,4,Promising
Ivan Park,386,1,13.38,4,Promising
Ivan Patel,200,2,168.16,3,Lost
Ivan Pereira,860,1,488.64,0,Champions
Ivan Robinson,409,1,358.18,4,Promising
Ivan Romano,438,1,13.0,4,Promising
Ivan Santos,196,1,2069.76,2,At Risk
Ivan Sato,58,1,506.33,4,Promising
Ivan Sharma,228,1,35.97,4,Promising
Ivan Smith,712,1,91.96,0,Champions
Ivan Thomas,477,1,136.8,4,Promising
Ivan Williams,453,1,540.31,4,Promising
Ivan Zhang,640,2,184.31,3,Lost
Jamal Ahmed,876,1,159.98,0,Champions
Jamal Brown,72,1,242.76,4,Promising
Jamal Chen,370,1,94.52,4,Promising
Jamal Clark,847,2,205.41,3,Lost
Jamal Ferrari,1001,1,21.5,0,Champions
Jamal Harris,902,1,68.34,0,Champions
Jamal Hassan,230,1,2327.47,2,At Risk
Jamal Jones,711,2,85.99000000000001,3,Lost
Jamal Khan,611,1,73.88,0,Champions
Jamal Kim,356,1,26.62,4,Promising
Jamal Leroy,861,1,20.48,0,Champions
Jamal Martinez,1033,1,730.94,0,Champions
Jamal Nilsson,494,1,65.28,4,Promising
Jamal Park,41,1,47.71,4,Promising
Jamal Patel,727,1,32.62,0,Champions
Jamal Pereira,230,2,196.95999999999998,3,Lost
Jamal Robinson,189,3,736.58,1,Loyal
Jamal Rossi,61,2,334.7,3,Lost
Jamal Schmidt,972,2,589.46,0,Champions
Jamal Sharma,500,1,219.01,4,Promising
Jamal Singh,307,1,351.88,4,Promising
Jamal Taylor,163,2,291.54,3,Lost
Jamal Wang,388,1,23.28,4,Promising
Jamal Williams,584,1,38.44,0,Champions
Jamal Zhang,1046,1,101.46,0,Champions
James Ahmed,319,2,505.49,3,Lost
James Ali,398,1,6.25,4,Promising
James Anderson,1005,1,79.15,0,Champions
James Brown,586,1,26.97,0,Champions
James Chen,1029,1,143.71,0,Champions
James Clark,833,1,200.12,0,Champions
James Ferrari,466,2,2424.87,2,At Risk
James Harris,424,2,417.14,3,Lost
James Johansson,359,2,483.89000000000004,3,Lost
James Khan,29,1,34.32,4,Promising
James Kumar,711,1,135.09,0,Champions
James Li,730,1,407.25,0,Champions
James Miller,264,1,258.03,4,Promising
James Oliveira,405,1,31.2,4,Promising
James Patel,329,1,281.28,4,Promising
James Rossi,53,1,346.32,4,Promising
James Santos,91,1,159.96,4,Promising
James Schmidt,878,1,202.05,0,Champions
James Sharma,1002,1,27.5,0,Champions
James Suzuki,933,1,221.75,0,Champions
James Tanaka,918,1,473.15,0,Champions
James Taylor,893,1,15.61,0,Champions
James Wang,658,1,298.56,0,Champions
James White,584,1,1233.43,2,At Risk
James Williams,76,2,1194.1,3,Lost
Jennifer Ali,689,1,1300.1,2,At Risk
Jennifer Anderson,504,1,35.72,4,Promising
Jennifer Brown,69,1,11.45,4,Promising
Jennifer Clark,22,2,739.0200000000001,3,Lost
Jennifer Costa,960,1,486.27,0,Champions
Jennifer Dubois,78,1,32.7,4,Promising
Jennifer Ferrari,187,2,265.12,3,Lost
Jennifer Garcia,868,2,320.63,3,Lost
Jennifer Harris,244,2,272.51,3,Lost
Jennifer Khan,718,1,19.48,0,Champions
Jennifer Kim,783,1,160.41,0,Champions
Jennifer Leroy,263,1,198.4,4,Promising
Jennifer Martinez,689,1,41.84,0,Champions
Jennifer Moreau,1043,1,64.12,0,Champions
Jennifer Nilsson,939,1,27.58,0,Champions
Jennifer Oliveira,1,1,160.11,4,Promising
Jennifer Pereira,114,1,385.52,4,Promising
Jennifer Robinson,124,1,544.32,4,Promising
Jennifer Romano,401,2,484.2,3,Lost
Jennifer Russo,1079,1,65.82,0,Champions
Jennifer Santos,757,1,210.57,0,Champions
Jennifer Tanaka,677,1,154.68,0,Champions
Jennifer Thomas,301,1,158.63,4,Promising
Jennifer Thompson,207,1,2.58,4,Promising
Jennifer White,157,1,132.41,4,Promising
Jennifer Yamamoto,459,1,123.94,4,Promising
Jennifer Zhang,385,1,29.27,4,Promising
Jessica Anderson,362,2,408.65000000000003,3,Lost
Jessica Brown,241,1,30.04,4,Promising
Jessica Costa,637,1,811.51,0,Champions
Jessica Garcia,83,2,118.78,3,Lost
Jessica Hassan,40,2,99.0,3,Lost
Jessica Johnson,157,1,56.89,4,Promising
Jessica Kim,725,1,87.15,0,Champions
Jessica Martin,612,1,118.18,0,Champions
Jessica Moreau,320,2,694.97,3,Lost
Jessica Müller,401,2,781.96,3,Lost
Jessica Nilsson,381,1,91.37,4,Promising
Jessica Park,297,2,87.63000000000001,3,Lost
Jessica Patel,643,1,461.36,0,Champions
Jessica Pereira,33,1,63.78,4,Promising
Jessica Russo,592,1,909.72,0,Champions
Jessica Sato,990,1,52.25,0,Champions
Jessica Schmidt,315,1,145.1,4,Promising
Jessica Suzuki,505,1,530.21,4,Promising
Jessica Tanaka,829,1,145.22,0,Champions
Jessica Taylor,443,1,139.66,4,Promising
Jessica Thomas,47,1,12.86,4,Promising
Jessica Wang,829,2,227.86,3,Lost
Jessica Weber,805,1,115.26,0,Champions
Jessica Williams,482,1,28.81,4,Promising
Jessica Yamamoto,599,1,81.57,0,Champions
John Brown,870,1,84.83,0,Champions
John Ferrari,535,2,397.95,3,Lost
John Johansson,1094,1,313.38,0,Champions
John Laurent,592,2,640.3299999999999,3,Lost
John Martin,280,1,99.56,4,Promising
John Miller,736,1,65.99,0,Champions
John Patel,825,1,99.56,0,Champions
John Pereira,243,1,924.42,4,Promising
John Robinson,669,2,123.86,3,Lost
John Rodriguez,295,1,53.56,4,Promising
John Suzuki,169,2,237.86,3,Lost
John Wang,448,1,39.26,4,Promising
John Zhang,690,1,205.44,0,Champions
Joseph Ali,409,1,14.19,4,Promising
Joseph Chen,29,2,754.8199999999999,3,Lost
Joseph Clark,182,1,62.93,4,Promising
Joseph Fischer,27,1,82.38,4,Promising
Joseph Garcia,263,1,35.46,4,Promising
Joseph Johansson,575,1,465.3,0,Champions
Joseph Johnson,886,1,18.96,0,Champions
Joseph Leroy,819,1,44.26,0,Champions
Joseph Martin,37,1,20.92,4,Promising
Joseph Martinez,578,3,486.89,1,Loyal
Joseph Romano,476,2,99.35,3,Lost
Joseph Russo,567,1,223.29,0,Champions
Joseph Schmidt,237,1,53.98,4,Promising
Joseph Singh,548,1,22.69,0,Champions
Joseph Suzuki,765,1,41.11,0,Champions
Joseph Thompson,239,1,74.03,4,Promising
Joseph Wang,103,1,189.69,4,Promising
Joseph Weber,102,2,2287.2799999999997,2,At Risk
Joseph Zhang,44,1,81.36,4,Promising
Karen Ali,460,1,104.0,4,Promising
Karen Anderson,538,3,441.71999999999997,1,Loyal
Karen Ferrari,594,1,42.31,0,Champions
Karen Garcia,21,1,65.29,4,Promising
Karen Hassan,244,2,244.53,3,Lost
Karen Jackson,1019,1,24.52,0,Champions
Karen Khan,772,1,30.1,0,Champions
Karen Martinez,1061,1,4.3,0,Champions
Karen Moreau,981,1,43.85,0,Champions
Karen Nilsson,620,1,398.95,0,Champions
Karen Patel,148,1,14.45,4,Promising
Karen Robinson,799,1,581.9,0,Champions
Karen Romano,49,2,213.0,3,Lost
Karen Rossi,490,2,426.05,3,Lost
Karen Russo,869,1,246.69,0,Champions
Karen Santos,343,1,1236.75,2,At Risk
Karen Sato,618,2,2738.18,2,At Risk
Karen Smith,567,2,625.3100000000001,3,Lost
Karen Suzuki,105,3,972.28,1,Loyal
Karen Tanaka,636,1,68.36,0,Champions
Karen Thomas,889,1,52.78,0,Champions
Karen Wang,718,2,474.35,3,Lost
Karen Yamamoto,192,1,41.55,4,Promising
Karen Zhang,871,1,29.63,0,Champions
Kenji Anderson,601,1,993.9,0,Champions
Kenji Davis,668,1,592.7,0,Champions
Kenji Dubois,697,1,595.6,0,Champions
Kenji Harris,8,1,235.66,4,Promising
Kenji Hassan,42,1,376.72,4,Promising
Kenji Johansson,299,1,49.72,4,Promising
Kenji Johnson,13,1,264.5,4,Promising
Kenji Jones,441,2,378.08,3,Lost
Kenji Leroy,941,1,198.83,0,Champions
Kenji Martin,271,3,334.58,1,Loyal
Kenji Miller,107,1,92.61,4,Promising
Kenji Moreau,83,2,253.37,3,Lost
Kenji Nilsson,1065,1,54.96,0,Champions
Kenji Robinson,944,1,1657.59,2,At Risk
Kenji Romano,624,3,116.81,1,Loyal
Kenji Rossi,1088,1,21.06,0,Champions
Kenji Santos,148,1,42.69,4,Promising
Kenji Schmidt,744,1,79.3,0,Champions
Kenji Sharma,616,1,205.58,0,Champions
Kenji Smith,320,1,64.5,4,Promising
Kenji Suzuki,867,1,18.91,0,Champions
Kenji Taylor,834,1,751.49,0,Champions
Kenji Wang,32,2,424.66999999999996,3,Lost
Kenji White,709,1,123.9,0,Champions
Kenji Williams,137,1,301.48,4,Promising
Kenji Yamamoto,227,1,25.7,4,Promising
Kenji Zhang,1050,1,271.99,0,Champions
Layla Ahmed,363,1,113.35,4,Promising
Layla Anderson,797,1,193.72,0,Champions
Layla Chen,215,1,117.56,4,Promising
Layla Ferrari,242,1,109.08,4,Promising
Layla Fischer,832,1,260.91,0,Champions
Layla Garcia,424,2,512.4,3,Lost
Layla Jackson,169,2,97.13999999999999,3,Lost
Layla Johansson,285,2,594.21,3,Lost
Layla Khan,1058,1,57.55,0,Champions
Layla Kumar,621,1,148.32,0,Champions
Layla Leroy,255,1,186.8,4,Promising
Layla Li,617,1,227.49,0,Champions
Layla Oliveira,814,1,2701.31,2,At Risk
Layla Park,38,2,124.49000000000001,3,Lost
Layla Patel,448,1,334.09,4,Promising
Layla Rodriguez,64,1,179.64,4,Promising
Layla Romano,453,1,76.32,4,Promising
Layla Santos,965,1,65.56,0,Champions
Layla Sharma,96,1,308.12,4,Promising
Layla Smith,71,1,606.67,4,Promising
Layla Thomas,603,1,95.85,0,Champions
Layla Williams,413,1,790.88,4,Promising
Layla Yamamoto,36,1,212.76,4,Promising
Layla Zhang,513,1,15.84,4,Promising
Li Davis,530,1,44.59,4,Promising
Li Harris,189,2,180.4,3,Lost
Li Khan,577,1,461.9,0,Champions
Li Kim,19,1,55.53,4,Promising
Li Laurent,682,1,3007.62,2,At Risk
Li Miller,405,2,1108.8400000000001,3,Lost
Li Müller,439,1,44.84,4,Promising
Li Oliveira,544,1,35.45,0,Champions
Li Pereira,204,2,263.62,3,Lost
Li Rossi,428,2,136.9,3,Lost
Li Sharma,803,1,396.49,0,Champions
Li Smith,159,1,243.95,4,Promising
Li Suzuki,167,2,467.78,3,Lost
Li Taylor,990,1,169.97,0,Champions
Li Wang,79,2,146.5,3,Lost
Li White,986,1,194.11,0,Champions
Li Yamamoto,977,1,16.95,0,Champions
Liam Ali,861,1,1410.66,2,At Risk
Liam Clark,250,2,2076.5299999999997,2,At Risk
Liam Costa,754,1,8.72,0,Champions
Liam Davis,356,2,1109.04,3,Lost
Liam Johansson,878,1,44.79,0,Champions
Liam Jones,805,2,50.4,3,Lost
Liam Kim,563,1,101.1,0,Champions
Liam Laurent,837,1,597.19,0,Champions
Liam Martin,42,1,320.17,4,Promising
Liam Nilsson,476,1,70.4,4,Promising
Liam Patel,398,1,96.15,4,Promising
Liam Pereira,866,1,116.33,0,Champions
Liam Rodriguez,83,2,440.14000000000004,3,Lost
Liam Romano,737,1,58.76,0,Champions
Liam Rossi,753,1,25.4,0,Champions
Liam Russo,373,1,1189.16,2,At Risk
Liam Schmidt,448,1,55.6,4,Promising
Liam Sharma,50,1,28.73,4,Promising
Liam Smith,73,1,238.4,4,Promising
Liam Tanaka,707,1,186.41,0,Champions
Liam Taylor,365,1,80.89,4,Promising
Liam Wang,886,1,84.63,0,Champions
Liam White,227,1,42.82,4,Promising
Liam Zhang,194,1,21.34,4,Promising
Linda Brown,876,1,246.19,0,Champions
Linda Fischer,478,1,121.36,4,Promising
Linda Harris,387,1,220.36,4,Promising
Linda Hassan,160,1,251.68,4,Promising
Linda Johnson,209,1,254.07,4,Promising
Linda Khan,91,1,207.42,4,Promising
Linda Kumar,766,1,435.36,0,Champions
Linda Laurent,787,1,15.15,0,Champions
Linda Martin,749,1,127.12,0,Champions
Linda Müller,721,1,24.74,0,Champions
Linda Nilsson,0,1,523.65,4,Promising
Linda Patel,522,1,335.32,4,Promising
Linda Rodriguez,442,1,47.97,4,Promising
Linda Russo,800,2,405.14,3,Lost
Linda Santos,473,1,148.65,4,Promising
Linda Sato,615,1,67.14,0,Champions
Linda Smith,396,2,786.6899999999999,3,Lost
Linda Suzuki,561,1,291.84,0,Champions
Linda Thompson,419,1,104.2,4,Promising
Linda Wang,214,1,90.48,4,Promising
Linda Weber,447,1,2762.4,2,At Risk
Linda Zhang,66,1,114.6,4,Promising
Lucas Anderson,1031,1,79.84,0,Champions
Lucas Brown,231,2,236.81,3,Lost
Lucas Chen,912,2,1789.77,2,At Risk
Lucas Clark,28,1,39.07,4,Promising
Lucas Costa,248,1,62.17,4,Promising
Lucas Hassan,87,1,1267.83,2,At Risk
Lucas Jones,889,1,16.91,0,Champions
Lucas Khan,958,1,590.48,0,Champions
Lucas Kim,213,2,1513.4299999999998,2,At Risk
Lucas Laurent,500,1,254.28,4,Promising
Lucas Leroy,830,1,9.94,0,Champions
Lucas Li,756,1,649.62,0,Champions
Lucas Moreau,192,2,692.5400000000001,3,Lost
Lucas Müller,405,1,27.06,4,Promising
Lucas Nilsson,189,2,2734.69,2,At Risk
Lucas Oliveira,827,1,146.0,0,Champions
Lucas Park,438,1,179.65,4,Promising
Lucas Rodriguez,686,1,154.2,0,Champions
Lucas Romano,121,1,193.3,4,Promising
Lucas Russo,606,2,380.79999999999995,3,Lost
Lucas Sato,24,2,761.31,3,Lost
Lucas Schmidt,1048,1,202.61,0,Champions
Lucas Sharma,1060,1,1178.95,0,Champions
Lucas Suzuki,801,2,72.80000000000001,3,Lost
Lucas Tanaka,276,1,412.13,4,Promising
Lucas Thomas,835,1,50.51,0,Champions
Lucas White,909,1,6.29,0,Champions
Lucas Williams,583,1,106.47,0,Champions
Lucas Yamamoto,305,1,87.28,4,Promising
Marco Davis,329,1,105.83,4,Promising
Marco Ferrari,176,1,59.17,4,Promising
Marco Harris,914,1,154.06,0,Champions
Marco Hassan,688,1,52.11,0,Champions
Marco Kim,346,1,9.18,4,Promising
Marco Martin,939,1,189.73,0,Champions
Marco Moreau,1083,1,109.03,0,Champions
Marco Nilsson,826,1,126.55,0,Champions
Marco Rodriguez,429,1,45.45,4,Promising
Marco Santos,586,1,2620.28,2,At Risk
Marco Sato,51,2,336.78999999999996,3,Lost
Marco Sharma,555,2,1814.97,2,At Risk
Marco Tanaka,111,1,41.74,4,Promising
Marco Taylor,16,2,1195.1100000000001,3,Lost
Marco Weber,631,1,878.42,0,Champions
Maria Ahmed,93,1,150.7,4,Promising
Maria Anderson,602,1,158.64,0,Champions
Maria Costa,477,3,326.76,1,Loyal
Maria Ferrari,679,1,221.84,0,Champions
Maria Hassan,551,1,367.5,0,Champions
Maria Johnson,440,1,327.46,4,Promising
Maria Khan,718,1,151.34,0,Champions
Maria Laurent,1057,1,8.67,0,Champions
Maria Leroy,2,1,388.58,4,Promising
Maria Martin,25,1,71.23,4,Promising
Maria Martinez,996,1,120.23,0,Champions
Maria Miller,744,1,45.26,0,Champions
Maria Moreau,329,1,201.15,4,Promising
Maria Müller,297,1,11.23,4,Promising
Maria Rodriguez,153,2,376.6,3,Lost
Maria Rossi,547,1,123.84,0,Champions
Maria Schmidt,996,1,152.16,0,Champions
Maria Sharma,1061,1,71.14,0,Champions
Maria Suzuki,0,2,154.95,3,Lost
Maria Tanaka,812,2,195.09,3,Lost
Maria Thomas,466,1,126.2,4,Promising
Maria Weber,80,2,322.21999999999997,3,Lost
Maria Yamamoto,214,3,557.74,1,Loyal
Maria Zhang,687,1,74.68,0,Champions
Mary Anderson,89,2,78.26,3,Lost
Mary Chen,278,2,407.72,3,Lost
Mary Clark,371,2,108.73,3,Lost
Mary Davis,1076,1,485.0,0,Champions
Mary Ferrari,1068,1,51.25,0,Champions
Mary Fischer,53,2,185.63,3,Lost
Mary Garcia,592,1,92.8,0,Champions
Mary Hassan,865,1,346.52,0,Champions
Mary Jackson,25,1,8.96,4,Promising
Mary Johansson,921,1,344.98,0,Champions
Mary Khan,142,3,256.84000000000003,1,Loyal
Mary Laurent,178,2,81.06,3,Lost
Mary Martin,853,1,280.22,0,Champions
Mary Martinez,74,1,80.36,4,Promising
Mary Miller,314,2,72.53999999999999,3,Lost
Mary Oliveira,510,1,115.85,4,Promising
Mary Patel,332,1,65.04,4,Promising
Mary Rodriguez,528,1,21.38,4,Promising
Mary Rossi,55,1,82.24,4,Promising
Mary Russo,700,1,15.66,0,Champions
Mary Smith,825,2,827.77,3,Lost
Mary Weber,258,3,151.8,1,Loyal
Mary White,427,1,601.04,4,Promising
Mary Yamamoto,30,1,1932.8,2,At Risk
Mia Ali,465,2,121.33000000000001,3,Lost
Mia Anderson,289,1,371.17,4,Promising
Mia Brown,208,1,262.0,4,Promising
Mia Chen,463,1,142.41,4,Promising
Mia Clark,714,2,105.52,3,Lost
Mia Costa,451,1,512.33,4,Promising
Mia Davis,854,1,31.21,0,Champions
Mia Ferrari,1013,1,20.74,0,Champions
Mia Harris,155,3,293.68,1,Loyal
Mia Johansson,242,1,791.59,4,Promising
Mia Johnson,153,1,26.43,4,Promising
Mia Jones,448,2,384.05,3,Lost
Mia Laurent,419,1,77.65,4,Promising
Mia Li,385,1,217.06,4,Promising
Mia Martin,620,2,55.87,3,Lost
Mia Müller,1043,1,122.43,0,Champions
Mia Romano,526,1,583.17,4,Promising
Mia Santos,161,3,301.37,1,Loyal
Mia Sharma,594,2,128.51999999999998,3,Lost
Mia Smith,636,2,199.67000000000002,3,Lost
Mia Tanaka,20,1,332.84,4,Promising
Mia Wang,158,1,222.04,4,Promising
Mia Weber,331,2,266.43,3,Lost
Mia White,534,1,345.35,4,Promising
Michael Ahmed,165,1,392.02,4,Promising
Michael Ali,851,1,294.15,0,Champions
Michael Davis,339,2,415.10999999999996,3,Lost
Michael Ferrari,446,4,159.15,1,Loyal
Michael Garcia,666,1,152.19,0,Champions
Michael Harris,1067,1,54.25,0,Champions
Michael Hassan,1038,1,64.18,0,Champions
Michael Khan,857,2,578.49,3,Lost
Michael Kim,622,1,58.17,0,Champions
Michael Leroy,299,1,76.19,4,Promising
Michael Li,836,1,449.07,0,Champions
Michael Martin,919,1,17.95,0,Champions
Michael Miller,225,1,45.49,4,Promising
Michael Nilsson,345,1,171.83,4,Promising
Michael Oliveira,151,1,8.78,4,Promising
Michael Park,91,1,66.93,4,Promising
Michael Rodriguez,879,1,185.96,0,Champions
Michael Sato,803,1,66.02,0,Champions
Michael Schmidt,540,1,15.86,4,Promising
Michael Sharma,631,1,47.96,0,Champions
Michael Smith,80,1,109.38,4,Promising
Michael Tanaka,248,2,315.68,3,Lost
Michael Taylor,629,1,151.42,0,Champions
Michael Yamamoto,207,4,624.46,1,Loyal
Michael Zhang,1054,1,13.39,0,Champions
Nadia Ahmed,116,1,22.62,4,Promising
Nadia Anderson,556,1,20.68,0,Champions
Nadia Brown,959,1,25.6,0,Champions
Nadia Costa,605,2,464.42,3,Lost
Nadia Davis,553,1,47.7,0,Champions
Nadia Dubois,410,1,43.01,4,Promising
Nadia Harris,393,2,615.34,3,Lost
Nadia Jackson,909,1,35.5,0,Champions
Nadia Johansson,658,1,430.78,0,Champions
Nadia Laurent,640,1,521.8,0,Champions
Nadia Leroy,158,1,741.08,4,Promising
Nadia Martin,211,3,490.55,1,Loyal
Nadia Martinez,446,1,14.85,4,Promising
Nadia Nilsson,15,1,827.42,4,Promising
Nadia Oliveira,360,1,150.65,4,Promising
Nadia Pereira,210,2,98.9,3,Lost
Nadia Robinson,369,1,343.63,4,Promising
Nadia Rodriguez,236,1,101.79,4,Promising
Nadia Romano,652,1,7.66,0,Champions
Nadia Rossi,757,1,135.0,0,Champions
Nadia Santos,385,2,185.57999999999998,3,Lost
Nadia Tanaka,800,2,1176.52,2,At Risk
Nadia Taylor,451,1,16.82,4,Promising
Nadia Thomas,189,1,96.82,4,Promising
Nadia Wang,256,3,2958.9700000000003,2,At Risk
Nadia Weber,1005,1,68.44,0,Champions
Nadia Zhang,556,2,519.76,3,Lost
Noah Ali,736,1,243.22,0,Champions
Noah Chen,204,2,297.26,3,Lost
Noah Clark,666,1,478.25,0,Champions
Noah Dubois,482,1,143.71,4,Promising
Noah Ferrari,417,1,205.27,4,Promising
Noah Fischer,98,1,15.04,4,Promising
Noah Hassan,512,1,13.5,4,Promising
Noah Johansson,820,1,758.29,0,Champions
Noah Jones,15,2,292.3,3,Lost
Noah Khan,934,1,374.13,0,Champions
Noah Leroy,709,1,183.4,0,Champions
Noah Martinez,635,1,100.68,0,Champions
Noah Moreau,257,2,2141.76,2,At Risk
Noah Müller,654,1,219.07,0,Champions
Noah Nilsson,224,1,253.14,4,Promising
Noah Oliveira,883,1,520.15,0,Champions
Noah Rodriguez,144,1,279.54,4,Promising
Noah Russo,165,2,732.96,3,Lost
Noah Santos,904,1,10.06,0,Champions
Noah Smith,883,1,732.06,0,Champions
Noah Suzuki,326,1,145.48,4,Promising
Noah Tanaka,186,1,502.91,4,Promising
Noah Taylor,848,1,92.48,0,Champions
Noah Thomas,41,1,12.78,4,Promising
Olga Ahmed,724,1,60.89,0,Champions
Olga Ali,264,1,13.24,4,Promising
Olga Anderson,630,1,169.04,0,Champions
Olga Davis,16,3,360.48,1,Loyal
Olga Garcia,87,1,572.74,4,Promising
Olga Hassan,997,1,211.75,0,Champions
Olga Johansson,191,1,625.88,4,Promising
Olga Kim,230,2,2095.6499999999996,2,At Risk
Olga Leroy,128,3,553.25,1,Loyal
Olga Li,498,1,15.61,4,Promising
Olga Miller,33,1,18.75,4,Promising
Olga Müller,813,1,802.07,0,Champions
Olga Nilsson,22,2,850.96,3,Lost
Olga Patel,916,1,19.58,0,Champions
Olga Pereira,697,2,114.12,3,Lost
Olga Robinson,25,3,346.92,1,Loyal
Olga Romano,570,1,182.0,0,Champions
Olga Russo,264,2,952.73,3,Lost
Olga Schmidt,900,1,1637.23,2,At Risk
Olga Suzuki,537,2,739.4100000000001,3,Lost
Olga Taylor,305,2,449.59000000000003,3,Lost
Olga Thompson,596,2,126.72999999999999,3,Lost
Olga Wang,271,1,69.84,4,Promising
Olga Weber,106,1,95.06,4,Promising
Olga Yamamoto,137,2,602.73,3,Lost
Olga Zhang,1004,1,40.72,0,Champions
Olivia Ali,97,1,40.39,4,Promising
Olivia Anderson,78,3,205.2,1,Loyal
Olivia Clark,225,1,46.37,4,Promising
Olivia Davis,583,1,47.56,0,Champions
Olivia Ferrari,827,1,418.55,0,Champions
Olivia Garcia,481,1,48.32,4,Promising
Olivia Johnson,457,1,148.51,4,Promising
Olivia Jones,459,1,270.47,4,Promising
Olivia Kim,279,1,232.02,4,Promising
Olivia Kumar,961,1,131.73,0,Champions
Olivia Laurent,755,1,9.23,0,Champions
Olivia Leroy,53,1,157.57,4,Promising
Olivia Miller,718,1,247.06,0,Champions
Olivia Moreau,883,1,616.26,0,Champions
Olivia Nilsson,431,2,429.3,3,Lost
Olivia Patel,536,2,501.29999999999995,3,Lost
Olivia Pereira,564,1,39.61,0,Champions
Olivia Robinson,633,1,189.92,0,Champions
Olivia Rossi,880,1,79.61,0,Champions
Olivia Sato,663,1,167.02,0,Champions
Olivia Schmidt,178,1,9.44,4,Promising
Olivia Sharma,448,2,421.05,3,Lost
Olivia Wang,588,1,35.11,0,Champions
Olivia White,286,1,138.68,4,Promising
Olivia Williams,606,1,366.51,0,Champions
Olivia Zhang,300,2,85.31,3,Lost
Omar Ali,31,1,60.11,4,Promising
Omar Costa,474,3,518.5,1,Loyal
Omar Dubois,454,2,117.78,3,Lost
Omar Fischer,617,1,151.73,0,Champions
Omar Garcia,937,2,38.16,0,Champions
Omar Hassan,855,1,229.28,0,Champions
Omar Jackson,446,1,133.88,4,Promising
Omar Leroy,1012,1,105.78,0,Champions
Omar Li,821,1,143.33,0,Champions
Omar Müller,896,1,1205.55,2,At Risk
Omar Nilsson,46,2,2138.87,2,At Risk
Omar Park,158,3,178.86,1,Loyal
Omar Patel,241,1,255.07,4,Promising
Omar Rodriguez,546,1,30.08,0,Champions
Omar Russo,158,3,75.37,1,Loyal
Omar Schmidt,273,1,1780.56,2,At Risk
Omar Singh,859,1,22.84,0,Champions
Omar Thomas,268,2,161.42000000000002,3,Lost
Omar Thompson,454,1,1093.11,2,At Risk
Omar Weber,480,1,31.92,4,Promising
Omar Williams,547,3,1446.12,1,Loyal
Omar Yamamoto,324,2,347.74,3,Lost
Oscar Ali,235,1,100.12,4,Promising
Oscar Anderson,398,2,141.77,3,Lost
Oscar Chen,166,1,751.33,4,Promising
Oscar Costa,767,1,16.43,0,Champions
Oscar Davis,25,1,96.6,4,Promising
Oscar Johansson,489,1,52.05,4,Promising
Oscar Johnson,905,1,121.18,0,Champions
Oscar Jones,1038,1,47.25,0,Champions
Oscar Khan,703,1,75.28,0,Champions
Oscar Kim,603,2,113.59,3,Lost
Oscar Martin,25,2,142.57,3,Lost
Oscar Martinez,317,3,967.27,1,Loyal
Oscar Miller,229,2,689.21,3,Lost
Oscar Müller,149,1,166.0,4,Promising
Oscar Nilsson,361,1,603.39,4,Promising
Oscar Pereira,704,1,36.74,0,Champions
Oscar Santos,944,1,322.01,0,Champions
Oscar Schmidt,360,2,91.92,3,Lost
Oscar Taylor,1008,1,104.51,0,Champions
Oscar Thomas,780,2,71.13,3,Lost
Oscar Thompson,279,3,281.66,1,Loyal
Oscar Wang,679,1,65.35,0,Champions
Oscar White,870,1,70.97,0,Champions
Oscar Williams,472,1,37.65,4,Promising
Oscar Zhang,404,1,417.87,4,Promising
Patricia Chen,944,1,112.42,0,Champions
Patricia Clark,673,1,22.66,0,Champions
Patricia Costa,373,1,138.6,4,Promising
Patricia Dubois,961,1,91.16,0,Champions
Patricia Ferrari,341,1,36.6,4,Promising
Patricia Garcia,166,1,43.53,4,Promising
Patricia Jackson,187,2,271.78,3,Lost
Patricia Khan,687,1,12.56,0,Champions
Patricia Kim,219,2,296.90000000000003,3,Lost
Patricia Leroy,236,1,155.47,4,Promising
Patricia Martinez,816,1,30.78,0,Champions
Patricia Müller,953,2,298.36,0,Champions
Patricia Park,319,1,29.16,4,Promising
Patricia Pereira,106,2,1451.69,2,At Risk
Patricia Rossi,643,1,36.21,0,Champions
Patricia Santos,443,1,55.24,4,Promising
Patricia Wang,284,1,149.72,4,Promising
Patricia Weber,106,2,52.15,3,Lost
Patricia Zhang,216,1,459.92,4,Promising
Pierre Ahmed,366,1,126.94,4,Promising
Pierre Anderson,120,1,555.39,4,Promising
Pierre Costa,119,1,53.11,4,Promising
Pierre Fischer,67,4,1234.94,1,Loyal
Pierre Garcia,254,1,15.62,4,Promising
Pierre Hassan,408,1,138.81,4,Promising
Pierre Jackson,561,1,456.08,0,Champions
Pierre Jones,461,1,24.89,4,Promising
Pierre Leroy,290,2,735.62,3,Lost
Pierre Patel,481,1,184.73,4,Promising
Pierre Pereira,251,1,138.49,4,Promising
Pierre Robinson,10,1,51.1,4,Promising
Pierre Rodriguez,534,1,270.49,4,Promising
Pierre Romano,859,1,665.42,0,Champions
Pierre Smith,471,1,12.16,4,Promising
Pierre Suzuki,29,1,22.39,4,Promising
Pierre Wang,71,2,327.82,3,Lost
Pierre Weber,65,3,470.54999999999995,1,Loyal
Pierre Yamamoto,1014,1,181.74,0,Champions
Priya Ali,899,1,108.6,0,Champions
Priya Brown,221,2,216.8,3,Lost
Priya Chen,971,1,21.87,0,Champions
Priya Costa,55,2,612.54,3,Lost
Priya Ferrari,351,2,1167.53,3,Lost
Priya Garcia,824,1,189.3,0,Champions
Priya Harris,73,1,172.08,4,Promising
Priya Jackson,853,2,3836.46,2,At Risk
Priya Johansson,734,1,172.7,0,Champions
Priya Jones,538,2,129.34,3,Lost
Priya Kumar,595,1,199.44,0,Champions
Priya Laurent,693,1,342.15,0,Champions
Priya Leroy,601,2,43.07,3,Lost
Priya Li,735,1,44.15,0,Champions
Priya Martin,738,2,100.24,3,Lost
Priya Martinez,906,2,161.57,0,Champions
Priya Nilsson,667,2,37.07,3,Lost
Priya Oliveira,541,1,2901.11,2,At Risk
Priya Park,997,1,101.8,0,Champions
Priya Patel,264,1,174.05,4,Promising
Priya Robinson,549,1,47.55,0,Champions
Priya Rodriguez,665,1,710.18,0,Champions
Priya Romano,266,1,116.2,4,Promising
Priya Sato,426,1,18.61,4,Promising
Priya Schmidt,512,2,203.6,3,Lost
Priya Sharma,254,1,938.81,4,Promising
Priya Singh,329,1,133.95,4,Promising
Priya Smith,404,2,1588.92,2,At Risk
Priya Thomas,4,3,94.61,1,Loyal
Priya Wang,1046,1,41.84,0,Champions
Priya Weber,522,2,162.66,3,Lost
Priya Williams,612,1,103.57,0,Champions
Priya Zhang,1002,1,27.88,0,Champions
Raj Anderson,777,1,18.14,0,Champions
Raj Chen,926,1,20.62,0,Champions
Raj Costa,1073,1,7.26,0,Champions
Raj Garcia,336,1,356.83,4,Promising
Raj Harris,267,2,993.37,3,Lost
Raj Johnson,400,1,518.07,4,Promising
Raj Khan,755,1,9.12,0,Champions
Raj Li,634,1,43.56,0,Champions
Raj Martinez,309,2,1030.05,3,Lost
Raj Oliveira,818,1,779.58,0,Champions
Raj Patel,48,2,44.120000000000005,3,Lost
Raj Pereira,245,1,123.1,4,Promising
Raj Rodriguez,599,1,76.11,0,Champions
Raj Rossi,33,2,262.03,3,Lost
Raj Santos,504,1,1111.23,2,At Risk
Raj Sato,160,2,115.48,3,Lost
Raj Schmidt,446,1,53.34,4,Promising
Raj Singh,736,1,17.86,0,Champions
Raj Thomas,973,1,215.52,0,Champions
Raj Thompson,108,2,183.79,3,Lost
Raj Weber,546,1,42.3,0,Champions
Raj White,32,1,25.08,4,Promising
Raj Yamamoto,313,1,167.77,4,Promising
Richard Ali,89,3,94.72,1,Loyal
Richard Brown,586,1,223.56,0,Champions
Richard Costa,489,1,708.42,4,Promising
Richard Dubois,313,1,68.31,4,Promising
Richard Garcia,630,1,25.2,0,Champions
Richard Harris,1002,1,130.71,0,Champions
Richard Jackson,359,2,126.09,3,Lost
Richard Johnson,583,1,63.84,0,Champions
Richard Kumar,632,1,313.19,0,Champions
Richard Leroy,209,1,396.42,4,Promising
Richard Li,941,1,8.57,0,Champions
Richard Martinez,24,1,9.89,4,Promising
Richard Moreau,815,1,75.07,0,Champions
Richard Müller,1001,1,505.36,0,Champions
Richard Park,372,1,42.42,4,Promising
Richard Patel,502,1,58.34,4,Promising
Richard Rodriguez,710,1,178.7,0,Champions
Richard Romano,23,2,464.38,3,Lost
Richard Rossi,210,2,628.5600000000001,3,Lost
Richard Santos,444,1,240.21,4,Promising
Richard Sharma,165,1,40.3,4,Promising
Richard Tanaka,477,2,990.69,3,Lost
Richard Weber,261,1,131.94,4,Promising
Richard Williams,237,1,81.41,4,Promising
Richard Yamamoto,261,2,530.26,3,Lost
Richard Zhang,288,1,242.53,4,Promising
Robert Chen,322,2,604.48,3,Lost
Robert Clark,805,1,196.92,0,Champions
Robert Davis,238,1,204.96,4,Promising
Robert Dubois,753,1,49.38,0,Champions
Robert Garcia,468,1,38.67,4,Promising
Robert Harris,181,2,64.69,3,Lost
Robert Jackson,960,1,143.37,0,Champions
Robert Khan,81,3,144.81,1,Loyal
Robert Leroy,119,2,217.86,3,Lost
Robert Martinez,24,1,410.43,4,Promising
Robert Park,70,2,461.54,3,Lost
Robert Patel,298,1,730.63,4,Promising
Robert Robinson,1027,1,775.8,0,Champions
Robert Rodriguez,99,2,451.99,3,Lost
Robert Russo,64,1,34.75,4,Promising
Robert Sato,8,1,16.06,4,Promising
Robert Schmidt,630,1,151.76,0,Champions
Robert Sharma,944,1,217.35,0,Champions
Robert Smith,911,1,24.14,0,Champions
Robert Tanaka,103,1,161.92,4,Promising
Robert Taylor,198,2,180.36,3,Lost
Robert Thomas,143,1,125.54,4,Promising
Robert Thompson,591,1,20.52,0,Champions
Robert Wang,324,1,229.95,4,Promising
Sakura Ahmed,421,1,141.35,4,Promising
Sakura Ali,844,1,110.27,0,Champions
Sakura Chen,275,1,122.02,4,Promising
Sakura Costa,357,1,181.04,4,Promising
Sakura Davis,211,2,1744.74,2,At Risk
Sakura Dubois,985,1,1159.91,0,Champions
Sakura Garcia,468,1,12.88,4,Promising
Sakura Harris,87,2,870.93,3,Lost
Sakura Jones,522,2,112.75999999999999,3,Lost
Sakura Kim,174,1,81.92,4,Promising
Sakura Martin,1057,1,69.02,0,Champions
Sakura Martinez,1076,1,128.02,0,Champions
Sakura Müller,557,1,141.5,0,Champions
Sakura Nilsson,111,1,102.78,4,Promising
Sakura Oliveira,627,1,96.64,0,Champions
Sakura Rodriguez,634,3,161.3,1,Loyal
Sakura Rossi,92,1,176.58,4,Promising
Sakura Smith,593,2,473.46,3,Lost
Sakura Thomas,396,4,1835.02,1,Loyal
Sakura Zhang,284,1,135.82,4,Promising
Sarah Brown,273,1,128.97,4,Promising
Sarah Chen,521,2,3184.56,2,At Risk
Sarah Clark,114,2,543.56,3,Lost
Sarah Davis,375,3,254.4,1,Loyal
Sarah Harris,27,2,239.96,3,Lost
Sarah Hassan,212,1,17.12,4,Promising
Sarah Jackson,565,2,1085.95,3,Lost
Sarah Johansson,387,1,32.95,4,Promising
Sarah Johnson,75,2,199.39,3,Lost
Sarah Khan,483,3,1176.28,1,Loyal
Sarah Kim,77,2,427.73,3,Lost
Sarah Leroy,238,1,485.4,4,Promising
Sarah Li,815,1,408.07,0,Champions
Sarah Miller,464,1,149.36,4,Promising
Sarah Moreau,637,1,52.76,0,Champions
Sarah Nilsson,35,1,84.85,4,Promising
Sarah Patel,463,2,914.69,3,Lost
Sarah Robinson,599,2,169.34,3,Lost
Sarah Rossi,190,2,84.3,3,Lost
Sarah Santos,395,1,375.54,4,Promising
Sarah Sharma,291,2,687.53,3,Lost
Sarah Smith,262,1,7.02,4,Promising
Sarah Suzuki,795,1,419.54,0,Champions
Sarah Tanaka,237,2,117.78,3,Lost
Sarah Thompson,753,2,766.33,3,Lost
Sarah Weber,99,1,602.87,4,Promising
Sarah Zhang,1072,1,185.18,0,Champions
Sophie Ahmed,355,1,197.61,4,Promising
Sophie Brown,843,1,118.94,0,Champions
Sophie Chen,194,2,266.6,3,Lost
Sophie Clark,2,3,571.4100000000001,1,Loyal
Sophie Harris,912,2,152.89999999999998,0,Champions
Sophie Jackson,277,1,215.05,4,Promising
Sophie Johansson,440,1,4.14,4,Promising
Sophie Johnson,247,1,8.55,4,Promising
Sophie Jones,262,1,89.92,4,Promising
Sophie Khan,14,1,343.95,4,Promising
Sophie Kim,407,1,34.77,4,Promising
Sophie Leroy,83,1,73.71,4,Promising
Sophie Li,551,1,66.68,0,Champions
Sophie Martin,150,2,560.46,3,Lost
Sophie Martinez,71,3,1500.83,1,Loyal
Sophie Miller,751,1,38.64,0,Champions
Sophie Park,1045,1,206.72,0,Champions
Sophie Pereira,405,1,336.43,4,Promising
Sophie Rossi,245,1,29.71,4,Promising
Sophie Sato,147,1,118.42,4,Promising
Sophie Schmidt,60,2,426.84000000000003,3,Lost
Sophie Sharma,114,1,170.05,4,Promising
Sophie Tanaka,87,1,414.36,4,Promising
Sophie Thomas,991,1,772.8,0,Champions
Sophie Weber,579,1,118.7,0,Champions
Sophie White,107,2,225.02999999999997,3,Lost
Sophie Williams,493,1,37.81,4,Promising
Sophie Yamamoto,956,1,134.2,0,Champions
Sophie Zhang,50,1,15.08,4,Promising
Susan Ali,43,1,241.57,4,Promising
Susan Chen,791,1,72.31,0,Champions
Susan Davis,1082,1,848.92,0,Champions
Susan Garcia,234,1,6.24,4,Promising
Susan Harris,191,1,130.4,4,Promising
Susan Hassan,632,1,158.98,0,Champions
Susan Jackson,52,2,810.94,3,Lost
Susan Johansson,1068,1,167.34,0,Champions
Susan Kim,1024,1,210.93,0,Champions
Susan Kumar,580,1,154.78,0,Champions
Susan Laurent,103,1,108.22,4,Promising
Susan Leroy,232,2,24.92,3,Lost
Susan Li,673,1,250.72,0,Champions
Susan Miller,909,1,88.43,0,Champions
Susan Patel,433,1,41.72,4,Promising
Susan Russo,0,1,310.97,4,Promising
Susan Schmidt,515,1,225.15,4,Promising
Susan Wang,868,1,472.62,0,Champions
Susan Weber,24,2,126.5,3,Lost
Susan White,294,2,490.63,3,Lost
Susan Yamamoto,53,1,245.38,4,Promising
Susan Zhang,686,2,534.53,3,Lost
Thomas Brown,211,1,303.33,4,Promising
Thomas Chen,455,3,743.0,1,Loyal
Thomas Clark,280,1,46.7,4,Promising
Thomas Costa,233,2,258.74,3,Lost
Thomas Ferrari,756,1,59.92,0,Champions
Thomas Hassan,93,1,513.14,4,Promising
Thomas Jackson,434,1,36.33,4,Promising
Thomas Johnson,438,1,248.51,4,Promising
Thomas Laurent,48,2,668.12,3,Lost
Thomas Li,932,1,25.63,0,Champions
Thomas Miller,717,1,28.36,0,Champions
Thomas Oliveira,117,3,518.9300000000001,1,Loyal
Thomas Patel,1021,1,275.31,0,Champions
Thomas Rodriguez,553,3,228.76999999999998,1,Loyal
Thomas Santos,847,1,40.42,0,Champions
Thomas Smith,78,2,792.01,3,Lost
Thomas Suzuki,34,2,372.25,3,Lost
Thomas Tanaka,314,1,15.32,4,Promising
Thomas Thomas,362,1,47.66,4,Promising
Thomas Thompson,382,2,207.05,3,Lost
Thomas Wang,504,1,51.09,4,Promising
Thomas Weber,215,1,547.01,4,Promising
Thomas Yamamoto,502,1,59.85,4,Promising
Thomas Zhang,232,1,147.53,4,Promising
Wei Ali,388,1,136.29,4,Promising
Wei Anderson,256,1,242.96,4,Promising
Wei Chen,1020,1,523.38,0,Champions
Wei Costa,572,1,38.26,0,Champions
Wei Fischer,755,2,105.22999999999999,3,Lost
Wei Harris,215,2,960.81,3,Lost
Wei Hassan,755,1,102.21,0,Champions
Wei Jackson,60,1,2566.56,2,At Risk
Wei Johansson,983,1,49.46,0,Champions
Wei Johnson,625,1,331.83,0,Champions
Wei Jones,653,1,158.15,0,Champions
Wei Khan,442,1,8.54,4,Promising
Wei Laurent,169,1,109.84,4,Promising
Wei Li,255,4,2042.1399999999999,1,Loyal
Wei Martinez,606,1,217.59,0,Champions
Wei Moreau,270,2,251.06,3,Lost
Wei Müller,258,3,311.89,1,Loyal
Wei Patel,463,2,149.18,3,Lost
Wei Rodriguez,612,1,436.05,0,Champions
Wei Romano,938,1,140.33,0,Champions
Wei Santos,751,2,387.13,3,Lost
Wei Sato,523,2,729.63,3,Lost
Wei Sharma,137,1,338.72,4,Promising
Wei Smith,785,1,61.65,0,Champions
Wei Suzuki,502,1,499.8,4,Promising
Wei Taylor,576,1,390.41,0,Champions
Wei Thompson,124,2,155.51999999999998,3,Lost
Wei Wang,417,1,105.0,4,Promising
Wei White,62,1,1118.04,4,Promising
Wei Yamamoto,877,1,215.09,0,Champions
Wei Zhang,88,1,128.36,4,Promising
William Ahmed,721,1,264.98,0,Champions
William Ali,54,1,408.32,4,Promising
William Chen,135,3,216.18,1,Loyal
William Clark,662,2,108.74,3,Lost
William Ferrari,430,2,987.18,3,Lost
William Garcia,196,1,16.16,4,Promising
William Hassan,936,1,21.86,0,Champions
William Khan,223,1,30.06,4,Promising
William Kim,713,2,271.07000000000005,3,Lost
William Martin,125,1,18.64,4,Promising
William Martinez,171,2,107.88,3,Lost
William Miller,755,1,59.74,0,Champions
William Moreau,520,1,43.48,4,Promising
William Nilsson,1003,1,268.98,0,Champions
William Robinson,158,2,322.89,3,Lost
William Rodriguez,74,1,29.3,4,Promising
William Romano,472,1,104.65,4,Promising
William Sato,44,1,278.17,4,Promising
William Sharma,1063,1,186.5,0,Champions
William Smith,661,1,10.33,0,Champions
William Wang,265,1,251.86,4,Promising
William Yamamoto,819,1,619.17,0,Champions
William Zhang,227,1,28.62,4,Promising
Xiao Ali,644,1,838.3,0,Champions
Xiao Brown,161,1,576.5,4,Promising
Xiao Davis,7,1,121.12,4,Promising
Xiao Ferrari,41,2,90.2,3,Lost
Xiao Harris,764,1,18.28,0,Champions
Xiao Jackson,59,1,48.46,4,Promising
Xiao Johansson,16,1,9.32,4,Promising
Xiao Johnson,560,1,74.88,0,Champions
Xiao Kumar,574,1,32.28,0,Champions
Xiao Laurent,861,1,98.61,0,Champions
Xiao Martin,472,1,189.41,4,Promising
Xiao Robinson,3,2,199.66,3,Lost
Xiao Rodriguez,268,2,71.9,3,Lost
Xiao Romano,29,2,163.21,3,Lost
Xiao Santos,129,1,879.9,4,Promising
Xiao Sharma,239,1,29.71,4,Promising
Xiao Smith,887,1,17.02,0,Champions
Xiao Taylor,925,1,143.72,0,Champions
Xiao Wang,832,1,231.96,0,Champions
Xiao Weber,290,1,32.46,4,Promising
Xiao White,253,1,415.65,4,Promising
Yuki Chen,712,1,20.84,0,Champions
Yuki Costa,365,2,128.6,3,Lost
Yuki Ferrari,696,1,343.07,0,Champions
Yuki Johnson,582,1,135.89,0,Champions
Yuki Kim,6,2,311.13,3,Lost
Yuki Kumar,1062,1,989.39,0,Champions
Yuki Martin,692,1,269.56,0,Champions
Yuki Miller,92,1,113.45,4,Promising
Yuki Patel,1035,1,627.38,0,Champions
Yuki Pereira,471,1,59.06,4,Promising
Yuki Robinson,151,1,109.42,4,Promising
Yuki Rodriguez,847,1,144.72,0,Champions
Yuki Sharma,447,1,115.27,4,Promising
Yuki Suzuki,197,1,25.69,4,Promising
Yuki Thomas,393,1,379.59,4,Promising
Yuki Thompson,564,1,6.93,0,Champions
Yuki Zhang,850,1,12.77,0,Champions
Zara Anderson,504,1,313.98,4,Promising
Zara Brown,1083,1,15.82,0,Champions
Zara Chen,624,1,18.5,0,Champions
Zara Clark,471,1,155.86,4,Promising
Zara Costa,1056,1,1142.37,0,Champions
Zara Davis,366,1,22.05,4,Promising
Zara Ferrari,938,1,58.41,0,Champions
Zara Fischer,421,1,44.69,4,Promising
Zara Harris,471,1,314.5,4,Promising
Zara Hassan,436,1,13.36,4,Promising
Zara Kim,940,1,436.15,0,Champions
Zara Leroy,759,1,427.35,0,Champions
Zara Miller,236,2,445.73,3,Lost
Zara Moreau,818,1,6.83,0,Champions
Zara Müller,710,1,148.25,0,Champions
Zara Nilsson,763,2,352.59000000000003,3,Lost
Zara Oliveira,90,1,308.79,4,Promising
Zara Patel,984,1,433.94,0,Champions
Zara Rodriguez,938,2,269.25,0,Champions
Zara Smith,744,1,11.71,0,Champions
Zara Suzuki,64,2,517.37,3,Lost
Zara Thomas,449,1,95.53,4,Promising
Zara Wang,82,1,25.37,4,Promising
Zara Weber,381,1,47.46,4,Promising
Zara White,596,2,94.52000000000001,3,Lost
Zara Williams,96,2,1158.5,3,Lost
